id_ebi;Run_accession
ERS458164;ERR552605
ERS457923;ERR552259
ERS457923;ERR552260
ERS457923;ERR552259
ERS457923;ERR552260
ERS457837;ERR552132
ERS457959;ERR552308
ERS457959;ERR552309
ERS457959;ERR552310
ERS457959;ERR552308
ERS457959;ERR552309
ERS457959;ERR552310
ERS457959;ERR552308
ERS457959;ERR552309
ERS457959;ERR552310
ERS457317;ERR551398
ERS457317;ERR551399
ERS457317;ERR551398
ERS457317;ERR551399
ERS458356;ERR552853
ERS457396;ERR551511
ERS457396;ERR551512
ERS457396;ERR551513
ERS457396;ERR551511
ERS457396;ERR551512
ERS457396;ERR551513
ERS457396;ERR551511
ERS457396;ERR551512
ERS457396;ERR551513
ERS457075;ERR551067
ERS457075;ERR551068
ERS457075;ERR551069
ERS457075;ERR551067
ERS457075;ERR551068
ERS457075;ERR551069
ERS457075;ERR551067
ERS457075;ERR551068
ERS457075;ERR551069
ERS458617;ERR553211
ERS458617;ERR553212
ERS458617;ERR553211
ERS458617;ERR553212
ERS458701;ERR553314
ERS458377;ERR552879
ERS457211;ERR551254
ERS457211;ERR551255
ERS457211;ERR551254
ERS457211;ERR551255
ERS457267;ERR551336
ERS458241;ERR552707
ERS458627;ERR553226
ERS458560;ERR553130
ERS458560;ERR553131
ERS458560;ERR553130
ERS458560;ERR553131
ERS458209;ERR552662
ERS458677;ERR553286
ERS458062;ERR552454
ERS458062;ERR552455
ERS458062;ERR552454
ERS458062;ERR552455
ERS456778;ERR550665
ERS458469;ERR553009
ERS457423;ERR551550
ERS457423;ERR551551
ERS457826;ERR552116
ERS457826;ERR552117
ERS458259;ERR552729
ERS458497;ERR553045
ERS458497;ERR553046
ERS458497;ERR553047
ERS458130;ERR552553
ERS457929;ERR552267
ERS458315;ERR552799
ERS458315;ERR552800
ERS457433;ERR551566
ERS458341;ERR552836
ERS458107;ERR552521
ERS458107;ERR552522
ERS458107;ERR552523
ERS458746;ERR553371
ERS457436;ERR551568
ERS457436;ERR551569
ERS457167;ERR551192
ERS457167;ERR551193
ERS457639;ERR551847
ERS457639;ERR551848
ERS457170;ERR551197
ERS457076;ERR551070
ERS457803;ERR552081
ERS457803;ERR552082
ERS457122;ERR551126
ERS456829;ERR550729
ERS457914;ERR552246
ERS457914;ERR552247
ERS458588;ERR553164
ERS458588;ERR553165
ERS458588;ERR553166
ERS457550;ERR551725
ERS457476;ERR551620
ERS457695;ERR551924
ERS457092;ERR551089
ERS458656;ERR553258
ERS457325;ERR551411
ERS457325;ERR551412
ERS458403;ERR552921
ERS458403;ERR552922
ERS457053;ERR551038
ERS456997;ERR550962
ERS456997;ERR550963
ERS456997;ERR550964
ERS457811;ERR552095
ERS457742;ERR551998
ERS457645;ERR551857
ERS456906;ERR550831
ERS456906;ERR550832
ERS458757;ERR553386
ERS458414;ERR552935
ERS458258;ERR552728
ERS457344;ERR551438
ERS457344;ERR551439
ERS457344;ERR551440
ERS457104;ERR551101
ERS457104;ERR551102
ERS457854;ERR552159
ERS457854;ERR552160
ERS457331;ERR551419
ERS456952;ERR550901
ERS456952;ERR550902
ERS457810;ERR552093
ERS457810;ERR552094
ERS458448;ERR552979
ERS458196;ERR552647
ERS456981;ERR550942
ERS456816;ERR550712
ERS457689;ERR551915
ERS457924;ERR552261
ERS458484;ERR553030
ERS458484;ERR553031
ERS458484;ERR553032
ERS458489;ERR553037
ERS457155;ERR551174
ERS457155;ERR551175
ERS457155;ERR551176
ERS458034;ERR552411
ERS457942;ERR552281
ERS457942;ERR552282
ERS458727;ERR553347
ERS458461;ERR553000
ERS457115;ERR551118
ERS458043;ERR552427
SAMN03647097;SRR2099924
SAMN03647098;SRR2099925
SAMN03647099;SRR2099926
SAMN03647100;SRR2099927
SAMN03647101;SRR2099928
SAMN03647102;SRR2099929
SAMN03647103;SRR2099930
SAMN03647104;SRR2099931
SAMN03647105;SRR2099932
SAMN03647106;SRR2099933
SAMN03647107;SRR2099934
SAMN03647108;SRR2099935
SAMN03647109;SRR2099936
SAMN03647110;SRR2099937
SAMN03647111;SRR2099938
SAMN03647112;SRR2099939
SAMN03647113;SRR2099940
SAMN03647114;SRR2099941
SAMN03647115;SRR2099942
SAMN03647116;SRR2099943
SAMN03647117;SRR2099944
SAMN03647118;SRR2099945
SAMN03647119;SRR2099946
SAMN03647120;SRR2099947
SAMN03647121;SRR2099948
SAMN03647122;SRR2099949
SAMN03647123;SRR2099950
SAMN03647124;SRR2099951
SAMN03647125;SRR2099952
SAMN03647126;SRR2099953
SAMN03647127;SRR2099954
SAMN03647128;SRR2099955
SAMN03647129;SRR2099956
SAMN03647130;SRR2099957
SAMN03647131;SRR2099958
SAMN03647132;SRR2099959
SAMN03647133;SRR2099960
SAMN03647134;SRR2099961
SAMN03647135;SRR2099962
SAMN03647136;SRR2099963
SAMN03647137;SRR2099964
SAMN03647138;SRR2099965
SAMN03647139;SRR2099966
SAMN03647140;SRR2099967
SAMN03647141;SRR2099968
SAMN03647142;SRR2099969
SAMN03647143;SRR2099970
SAMN03647144;SRR2099971
SAMN03647145;SRR2099972
SAMN03647146;SRR2099973
SAMN03647147;SRR2099974
SAMN03647148;SRR2099975
SAMN03647149;SRR2099976
SAMN03647150;SRR2099977
SAMN03647151;SRR2099978
SAMN03647152;SRR2099979
SAMN03647153;SRR2099980
SAMN03647154;SRR2099981
SAMN03647155;SRR2099982
SAMN03647156;SRR2099983
SAMN03647157;SRR2099984
SAMN03647158;SRR2099985
SAMN03647159;SRR2099986
SAMN03647160;SRR2099987
SAMN03647161;SRR2099988
SAMN03647162;SRR2099989
SAMN03647163;SRR2099990
SAMN03647164;SRR2099991
SAMN03647165;SRR2099992
SAMN03647166;SRR2099993
SAMN03647167;SRR2099994
SAMN03647168;SRR2099995
SAMN03647169;SRR2099996
SAMN03647170;SRR2099997
SAMN03647171;SRR2099998
SAMN03647172;SRR2099999
SAMN03647173;SRR2100000
SAMN03647174;SRR2100001
SAMN03647175;SRR2100002
SAMN03647176;SRR2100003
SAMN03647177;SRR2100004
SAMN03647178;SRR2100005
SAMN03647179;SRR2100006
SAMN03647180;SRR2100007
SAMN03647181;SRR2100008
SAMN03647182;SRR2100009
SAMN03647183;SRR2100010
SAMN03647184;SRR2100011
SAMN03647185;SRR2100012
SAMN03647186;SRR2100013
SAMN03647187;SRR2100014
SAMN03647188;SRR2100015
SAMN03647189;SRR2100016
SAMN03647190;SRR2100017
SAMN03647191;SRR2100018
SAMN03647192;SRR2100019
SAMN03647193;SRR2100020
SAMN03647194;SRR2100021
SAMN03647195;SRR2100022
SAMN03647196;SRR2100023
SAMN03647197;SRR2100024
SAMN03647198;SRR2100025
SAMN03647199;SRR2100026
SAMN03647200;SRR2100027
SAMN03647201;SRR2100028
SAMN03647202;SRR2100029
SAMN03647203;SRR2100030
SAMN03647204;SRR2100031
SAMN03647205;SRR2100032
SAMN03647206;SRR2100033
SAMN03647207;SRR2100034
SAMN03647208;SRR2100035
SAMN03647209;SRR2100036
SAMN03647210;SRR2100037
SAMN03647211;SRR2100038
SAMN03647212;SRR2100039
SAMN03647213;SRR2100040
SAMN03647214;SRR2100041
SAMN03647215;SRR2100042
SAMN03647216;SRR2100043
SAMN03647217;SRR2100044
SAMN03647218;SRR2100045
SAMN03647219;SRR2100046
SAMN03647220;SRR2100047
SAMN03647221;SRR2100048
SAMN03647222;SRR2100049
SAMN03647223;SRR2100050
SAMN03647224;SRR2100051
SAMN03647225;SRR2100052
SAMN03647226;SRR2100053
SAMN03647227;SRR2100054
SAMN03647228;SRR2100055
SAMN03647229;SRR2100056
SAMN03647230;SRR2100057
SAMN03647231;SRR2100058
SAMN03647232;SRR2100059
SAMN03647233;SRR2100060
SAMN03647234;SRR2100061
SAMN03647235;SRR2100062
SAMN03647236;SRR2100063
SAMN03647237;SRR2100064
SAMN03647238;SRR2100065
ERR025833;ERR025833
ERR025834;ERR025834
ERR025835;ERR025835
ERR025836;ERR025836
ERR025837;ERR025837
ERR025838;ERR025838
ERR025839;ERR025839
ERR025842;ERR025842
ERR025843;ERR025843
ERR025844;ERR025844
ERR025846;ERR025846
ERR025847;ERR025847
ERR025848;ERR025848
ERR038254;ERR038254
ERR038255;ERR038255
ERR038256;ERR038256
ERR038257;ERR038257
ERR038258;ERR038258
ERR038259;ERR038259
ERR038260;ERR038260
ERR038261;ERR038261
ERR038262;ERR038262
ERR038263;ERR038263
ERR038264;ERR038264
ERR038265;ERR038265
ERR038266;ERR038266
SAMN03647239;SRR2100066
ERR038269;ERR038269
ERR038270;ERR038270
ERR038271;ERR038271
ERR038272;ERR038272
ERR038273;ERR038273
ERR038274;ERR038274
ERR038275;ERR038275
ERR038276;ERR038276
ERR038277;ERR038277
ERR038278;ERR038278
ERR038279;ERR038279
ERR038280;ERR038280
ERR038281;ERR038281
ERR038282;ERR038282
ERR038283;ERR038283
ERR038284;ERR038284
ERR038285;ERR038285
ERR038286;ERR038286
ERR038287;ERR038287
ERR038288;ERR038288
SAMN03647240;SRR2100067
ERR038290;ERR038290
ERR038291;ERR038291
ERR038292;ERR038292
ERR038293;ERR038293
ERR038294;ERR038294
ERR038295;ERR038295
ERR038296;ERR038296
ERR038298;ERR038298
ERR038299;ERR038299
ERR038300;ERR038300
ERR039323;ERR039323
ERR039324;ERR039324
ERR039325;ERR039325
ERR039326;ERR039326
ERR039327;ERR039327
ERR039328;ERR039328
ERR039329;ERR039329
ERR039330;ERR039330
ERR039331;ERR039331
ERR039332;ERR039332
ERR039333;ERR039333
ERR039334;ERR039334
ERR039335;ERR039335
ERR039336;ERR039336
ERR039337;ERR039337
ERR039338;ERR039338
ERR039339;ERR039339
ERR039340;ERR039340
ERR039341;ERR039341
ERR039342;ERR039342
ERR039343;ERR039343
ERR039344;ERR039344
ERR039345;ERR039345
ERR039346;ERR039346
ERR040086;ERR040086
ERR040087;ERR040087
ERR040088;ERR040088
ERR040089;ERR040089
ERR040090;ERR040090
ERR040091;ERR040091
SAMN03647241;SRR2100068
ERR040093;ERR040093
ERR040094;ERR040094
ERR040095;ERR040095
ERR040096;ERR040096
ERR040097;ERR040097
ERR040098;ERR040098
ERR040099;ERR040099
ERR040100;ERR040100
ERR040101;ERR040101
ERR040102;ERR040102
ERR040103;ERR040103
ERR040104;ERR040104
ERR040105;ERR040105
ERR040106;ERR040106
ERR040107;ERR040107
ERR040108;ERR040108
ERR040109;ERR040109
ERR046729;ERR046729
ERR046730;ERR046730
SAMN03647242;SRR2100069
ERR046732;ERR046732
ERR046733;ERR046733
ERR046734;ERR046734
ERR046735;ERR046735
ERR046736;ERR046736
ERR046737;ERR046737
ERR046738;ERR046738
ERR046739;ERR046739
SAMN03647243;SRR2100070
ERR046741;ERR046741
SAMN03647244;SRR2100071
ERR046743;ERR046743
ERR046744;ERR046744
ERR046745;ERR046745
ERR046746;ERR046746
ERR046747;ERR046747
ERR046748;ERR046748
ERR046749;ERR046749
SAMN03647245;SRR2100072
ERR046751;ERR046751
ERR046752;ERR046752
ERR046753;ERR046753
ERR046754;ERR046754
ERR046755;ERR046755
ERR046756;ERR046756
SAMN03647246;SRR2100073
ERR046758;ERR046758
ERR046759;ERR046759
ERR046760;ERR046760
ERR046761;ERR046761
ERR046762;ERR046762
ERR046763;ERR046763
ERR046764;ERR046764
ERR046765;ERR046765
ERR046766;ERR046766
ERR046767;ERR046767
ERR046768;ERR046768
ERR046769;ERR046769
ERR046770;ERR046770
ERR046771;ERR046771
ERR046772;ERR046772
ERR046773;ERR046773
SAMN03647247;SRR2100074
ERR046775;ERR046775
ERR046776;ERR046776
ERR046777;ERR046777
ERR046778;ERR046778
ERR046779;ERR046779
ERR046780;ERR046780
ERR046781;ERR046781
ERR046782;ERR046782
ERR046783;ERR046783
ERR046784;ERR046784
ERR046785;ERR046785
ERR046786;ERR046786
ERR046788;ERR046788
ERR046789;ERR046789
ERR046791;ERR046791
ERR046792;ERR046792
ERR046794;ERR046794
ERR046795;ERR046795
ERR046796;ERR046796
ERR046797;ERR046797
ERR046798;ERR046798
ERR046799;ERR046799
ERR046800;ERR046800
SAMN03647248;SRR2100075
SAMN03647249;SRR2100076
SAMN03647250;SRR2100077
SAMN03647251;SRR2100078
SAMN03647252;SRR2100079
SAMN03647253;SRR2100080
SAMN03647254;SRR2100081
SAMN03647255;SRR2100082
SAMN03647256;SRR2100083
SAMN03647257;SRR2100084
SAMN03647258;SRR2100085
SAMN03647259;SRR2100086
SAMN03647260;SRR2100087
ERR046819;ERR046819
ERR046820;ERR046820
ERR046821;ERR046821
ERR046822;ERR046822
ERR046823;ERR046823
ERR046824;ERR046824
ERR046825;ERR046825
SAMN03647261;SRR2100088
SAMN03647262;SRR2100089
SAMN03647262;SRR2467265
SAMN03647263;SRR2100090
SAMN03647264;SRR2100091
ERR046831;ERR046831
ERR046832;ERR046832
ERR046834;ERR046834
ERR046837;ERR046837
ERR046838;ERR046838
ERR046839;ERR046839
ERR046840;ERR046840
ERR046841;ERR046841
ERR046842;ERR046842
ERR046843;ERR046843
ERR046844;ERR046844
ERR046845;ERR046845
ERR046846;ERR046846
ERR046847;ERR046847
ERR046849;ERR046849
ERR046850;ERR046850
ERR046851;ERR046851
ERR046852;ERR046852
ERR046853;ERR046853
ERR046854;ERR046854
ERR046855;ERR046855
ERR046857;ERR046857
ERR046858;ERR046858
ERR046859;ERR046859
ERR046860;ERR046860
ERR046861;ERR046861
ERR046862;ERR046862
ERR046863;ERR046863
ERR046864;ERR046864
ERR046865;ERR046865
ERR046866;ERR046866
ERR046867;ERR046867
ERR046869;ERR046869
ERR046871;ERR046871
ERR046872;ERR046872
ERR046873;ERR046873
ERR046874;ERR046874
ERR046875;ERR046875
ERR046876;ERR046876
ERR046877;ERR046877
ERR046878;ERR046878
ERR046879;ERR046879
ERR046880;ERR046880
ERR046881;ERR046881
ERR046882;ERR046882
ERR046883;ERR046883
ERR046884;ERR046884
ERR046885;ERR046885
ERR046898;ERR046898
ERR046887;ERR046887
ERR046888;ERR046888
ERR046889;ERR046889
ERR046890;ERR046890
ERR046891;ERR046891
ERR046893;ERR046893
ERR046894;ERR046894
ERR046895;ERR046895
ERR046897;ERR046897
ERR046833;ERR046833
SAMN03647265;SRR2100092
ERR046901;ERR046901
ERR046903;ERR046903
ERR046904;ERR046904
ERR046905;ERR046905
ERR046907;ERR046907
ERR046908;ERR046908
ERR046910;ERR046910
ERR046911;ERR046911
ERR046912;ERR046912
ERR046913;ERR046913
ERR046914;ERR046914
ERR046915;ERR046915
ERR046916;ERR046916
ERR046917;ERR046917
ERR046918;ERR046918
ERR046919;ERR046919
ERR046920;ERR046920
ERR046921;ERR046921
ERR046922;ERR046922
ERR046923;ERR046923
ERR046924;ERR046924
ERR046925;ERR046925
ERR046926;ERR046926
ERR046928;ERR046928
ERR046929;ERR046929
ERR046930;ERR046930
SAMN03647266;SRR2100093
ERR046932;ERR046932
ERR046933;ERR046933
ERR046936;ERR046936
ERR046937;ERR046937
ERR046938;ERR046938
ERR046939;ERR046939
ERR046940;ERR046940
ERR046941;ERR046941
ERR046942;ERR046942
ERR046943;ERR046943
ERR046945;ERR046945
ERR046946;ERR046946
ERR046947;ERR046947
ERR046948;ERR046948
ERR046949;ERR046949
ERR046950;ERR046950
ERR046951;ERR046951
ERR046952;ERR046952
ERR046953;ERR046953
ERR046954;ERR046954
SAMN03647267;SRR2100094
ERR046957;ERR046957
ERR046958;ERR046958
ERR046959;ERR046959
ERR046960;ERR046960
ERR046961;ERR046961
ERR046963;ERR046963
ERR046964;ERR046964
ERR046965;ERR046965
ERR046966;ERR046966
ERR046967;ERR046967
ERR046968;ERR046968
ERR046969;ERR046969
ERR046970;ERR046970
ERR046971;ERR046971
ERR046972;ERR046972
SAMN03647268;SRR2100095
ERR046974;ERR046974
ERR046975;ERR046975
SAMN03647269;SRR2100096
SAMN03647270;SRR2100097
SAMN03647271;SRR2100098
SAMN03647272;SRR2100099
ERR046980;ERR046980
ERR046981;ERR046981
ERR046982;ERR046982
ERR046983;ERR046983
SAMN03647273;SRR2100100
SAMN03647274;SRR2100101
ERR046986;ERR046986
SAMN03647275;SRR2100102
ERR046988;ERR046988
ERR046989;ERR046989
ERR046990;ERR046990
ERR046991;ERR046991
ERR046992;ERR046992
ERR046993;ERR046993
ERR046994;ERR046994
ERR046995;ERR046995
ERR046996;ERR046996
ERR046997;ERR046997
ERR046998;ERR046998
ERR046999;ERR046999
ERR047000;ERR047000
ERR047002;ERR047002
ERR047003;ERR047003
ERR047004;ERR047004
ERR047005;ERR047005
ERR047006;ERR047006
ERR047007;ERR047007
ERR047008;ERR047008
ERR047009;ERR047009
ERR047010;ERR047010
ERR047011;ERR047011
ERR047012;ERR047012
ERR047013;ERR047013
ERR047014;ERR047014
SAMN03647276;SRR2100103
ERR047016;ERR047016
ERR072089;ERR072089
SAMN03647277;SRR2100104
SAMN03647278;SRR2100105
ERR072019;ERR072019
ERR072020;ERR072020
ERR072021;ERR072021
ERR072022;ERR072022
ERR072023;ERR072023
ERR072024;ERR072024
ERR072025;ERR072025
ERR072026;ERR072026
ERR072027;ERR072027
ERR072028;ERR072028
ERR072029;ERR072029
ERR072030;ERR072030
ERR072031;ERR072031
ERR072032;ERR072032
ERR072034;ERR072034
ERR072035;ERR072035
ERR072036;ERR072036
ERR072037;ERR072037
ERR072038;ERR072038
ERR072039;ERR072039
ERR072040;ERR072040
ERR072041;ERR072041
ERR072042;ERR072042
SAMN03647279;SRR2100106
ERR072044;ERR072044
ERR072045;ERR072045
ERR072046;ERR072046
ERR072047;ERR072047
ERR072048;ERR072048
SAMN03647280;SRR2100107
ERR072050;ERR072050
ERR072051;ERR072051
SAMN03647281;SRR2100108
SAMN03647282;SRR2100109
SAMN03647283;SRR2100110
SAMN03647284;SRR2100111
SAMN03647285;SRR2100112
SAMN03647286;SRR2100113
SAMN03647287;SRR2100114
SAMN03647288;SRR2100115
SAMN03647289;SRR2100116
SAMN03647290;SRR2100117
ERR072065;ERR072065
SAMN03647291;SRR2100118
SAMN03647292;SRR2100119
SAMN03647293;SRR2100120
SAMN03647294;SRR2100121
SAMN03647295;SRR2100122
SAMN03647296;SRR2100123
ERR072072;ERR072072
SAMN03647297;SRR2100124
SAMN03647298;SRR2100125
SAMN03647299;SRR2100126
SAMN03647300;SRR2100127
ERR072077;ERR072077
SAMN03647301;SRR2100128
SAMN03647302;SRR2100129
ERR072080;ERR072080
SAMN03647303;SRR2100130
SAMN03647304;SRR2100131
SAMN03647305;SRR2100132
SAMN03647306;SRR2100133
SAMN03647307;SRR2100134
ERR072087;ERR072087
SAMN03647308;SRR2100135
SAMN03647308;SRR2467266
SAMN03647309;SRR2100136
SAMN03647310;SRR2100137
SAMN03647311;SRR2100138
ERR072094;ERR072094
ERR072095;ERR072095
ERR072096;ERR072096
SAMN03647312;SRR2100139
SAMN03647313;SRR2100140
SAMN03647314;SRR2100141
SAMN03647315;SRR2100142
SAMN03647315;SRR2467264
SAMN03647316;SRR2100143
SAMN03647317;SRR2100144
ERS389340;ERR400382
ERS389341;ERR400383
SAMN03647318;SRR2100145
SAMN03647319;SRR2100146
SAMN03647320;SRR2100147
SAMN03647321;SRR2100148
SAMN03647322;SRR2100149
SAMN03647323;SRR2100150
SAMN03647324;SRR2100151
SAMN03647325;SRR2100152
SAMN03647326;SRR2100153
SAMN03647327;SRR2100154
SAMN03647328;SRR2100155
SAMN03647329;SRR2100156
SAMN03647330;SRR2100157
SAMN03647331;SRR2100158
SAMN03647332;SRR2100159
SAMN03647333;SRR2100160
SAMN03647334;SRR2100161
SAMN03647335;SRR2100162
SAMN03647336;SRR2100163
SAMN03647337;SRR2100164
SAMN03647338;SRR2100165
SAMN03647339;SRR2100166
SAMN03647340;SRR2100167
SAMN03647341;SRR2100168
SAMN03647342;SRR2100169
SAMN03647343;SRR2100170
SAMN03647344;SRR2100171
SAMN03647345;SRR2100172
SAMN03647346;SRR2100173
SAMN03647347;SRR2100174
SAMN03647348;SRR2100175
SAMN03647349;SRR2100176
SAMN03647350;SRR2100177
SAMN03647351;SRR2100178
SAMN03647352;SRR2100179
SAMN03647353;SRR2100180
SAMN03647354;SRR2100181
SAMN03647355;SRR2100182
SAMN03647356;SRR2100183
SAMN03647357;SRR2100184
SAMN03647358;SRR2100185
SAMN03647359;SRR2100186
SAMN03647360;SRR2100187
SAMN03647361;SRR2100188
SAMN03647362;SRR2100189
SAMN03647363;SRR2100190
SAMN03647364;SRR2100191
SAMN03647365;SRR2100192
SAMN03647366;SRR2100193
SAMN03647367;SRR2100194
SAMN03647368;SRR2100195
SAMN03647369;SRR2100196
SAMN03647370;SRR2100197
SAMN03647371;SRR2100198
SAMN03647372;SRR2100199
SAMN03647373;SRR2100200
SAMN03647374;SRR2100201
SAMN03647375;SRR2100202
SAMN03647376;SRR2100203
SAMN03647377;SRR2100204
SAMN03647378;SRR2100205
SAMN03647379;SRR2100206
SAMN03647380;SRR2100207
SAMN03647381;SRR2100208
SAMN03647382;SRR2100209
SAMN03647383;SRR2100210
SAMN03647384;SRR2100211
SAMN03647385;SRR2100212
SAMN03647386;SRR2100213
SAMN03647387;SRR2100214
SAMN03647388;SRR2100215
SAMN03647389;SRR2100216
SAMN03647390;SRR2100217
SAMN03647391;SRR2100218
SAMN03647392;SRR2100219
SAMN03647393;SRR2100220
SAMN03647394;SRR2100221
SAMN03647395;SRR2100222
SAMN03647396;SRR2100223
SAMN03647397;SRR2100224
SAMN03647398;SRR2100225
SAMN03647399;SRR2100226
SAMN03647400;SRR2100227
SAMN03647401;SRR2100228
SAMN03647402;SRR2100229
SAMN03647403;SRR2100230
SAMN03647404;SRR2100231
SAMN03647405;SRR2100232
SAMN03647406;SRR2100233
SAMN03647407;SRR2100234
SAMN03647408;SRR2100235
SAMN03647409;SRR2100236
SAMN03647410;SRR2100237
SAMN03647411;SRR2100238
SAMN03647412;SRR2100239
SAMN03647413;SRR2100240
SAMN03647414;SRR2100241
SAMN03647415;SRR2100242
SAMN03647416;SRR2100243
SAMN03647417;SRR2100244
SAMN03647418;SRR2100245
SAMN03647419;SRR2100246
SAMN03647420;SRR2100247
SAMN03647421;SRR2100248
SAMN03647422;SRR2100249
SAMN03647423;SRR2100250
SAMN03647424;SRR2100251
SAMN03647425;SRR2100252
SAMN03647426;SRR2100253
SAMN03647427;SRR2100254
SAMN03647428;SRR2100255
SAMN03647429;SRR2100256
SAMN03647430;SRR2100257
SAMN03647431;SRR2100258
SAMN03647432;SRR2100259
SAMN03647433;SRR2100260
SAMN03647434;SRR2100261
SAMN03647435;SRR2100262
SAMN03647436;SRR2100263
SAMN03647437;SRR2100264
SAMN03647438;SRR2100265
SAMN03647439;SRR2100266
SAMN03647440;SRR2100267
SAMN03647441;SRR2100268
SAMN03647442;SRR2100269
SAMN03647443;SRR2100270
SAMN03647444;SRR2100271
SAMN03647445;SRR2100272
SAMN03647446;SRR2100273
SAMN03647447;SRR2100274
SAMN03647448;SRR2100275
SAMN03647449;SRR2100276
SAMN03647450;SRR2100277
SAMN03647451;SRR2100278
SAMN03647452;SRR2100279
SAMN03647453;SRR2100280
SAMN03647454;SRR2100281
SAMN03647455;SRR2100282
SAMN03647456;SRR2100283
SAMN03647457;SRR2100284
SAMN03647458;SRR2100285
SAMN03647459;SRR2100286
SAMN03647460;SRR2100287
SAMN03647461;SRR2100288
SAMN03647462;SRR2100289
SAMN03647463;SRR2100290
SAMN03647464;SRR2100291
SAMN03647465;SRR2100292
SAMN03647466;SRR2100293
SAMN03647467;SRR2100294
SAMN03647468;SRR2100295
SAMN03647469;SRR2100296
SAMN03647470;SRR2100297
SAMN03647471;SRR2100298
SAMN03647472;SRR2100299
SAMN03647473;SRR2100300
SAMN03647474;SRR2100301
SAMN03647475;SRR2100302
SAMN03647476;SRR2100303
SAMN03647477;SRR2100304
SAMN03647478;SRR2100305
SAMN03647479;SRR2100306
SAMN03647480;SRR2100307
SAMN03647481;SRR2100308
SAMN03647482;SRR2100309
SAMN03647483;SRR2100310
SAMN03647484;SRR2100311
SAMN03647485;SRR2100312
SAMN03647486;SRR2100313
SAMN03647487;SRR2100314
SAMN03647488;SRR2100315
SAMN03647489;SRR2100316
SAMN03647490;SRR2100317
SAMN03647491;SRR2100318
SAMN03647492;SRR2100319
SAMN03647493;SRR2100320
SAMN03647494;SRR2100321
SAMN03647495;SRR2100322
SAMN03647496;SRR2100323
SAMN03647497;SRR2100324
SAMN03647498;SRR2100325
SAMN03647499;SRR2100326
SAMN03647500;SRR2100327
SAMN03647501;SRR2100328
SAMN03647502;SRR2100329
SAMN03647503;SRR2100330
SAMN03647504;SRR2100331
SAMN03647505;SRR2100332
SAMN03647506;SRR2100333
SAMN03647507;SRR2100334
SAMN03647508;SRR2100335
SAMN03647509;SRR2100336
SAMN03647510;SRR2100337
SAMN03647511;SRR2100338
SAMN03647512;SRR2100339
SAMN03647513;SRR2100340
SAMN03647514;SRR2100341
SAMN03647515;SRR2100342
SAMN03647516;SRR2100343
SAMN03647517;SRR2100344
SAMN03647518;SRR2100345
SAMN03647519;SRR2100346
SAMN03647520;SRR2100347
SAMN03647521;SRR2100348
SAMN03647522;SRR2100349
SAMN03647523;SRR2100350
SAMN03647524;SRR2100351
SAMN03647525;SRR2100352
SAMN03647526;SRR2100353
SAMN03647527;SRR2100354
SAMN03647528;SRR2100355
SAMN03647529;SRR2100356
SAMN03647530;SRR2100357
SAMN03647531;SRR2100358
SAMN03647532;SRR2100359
SAMN03647532;SRR2467270
SAMN03647533;SRR2100360
SAMN03647534;SRR2100361
SAMN03647535;SRR2100362
SAMN03647536;SRR2100363
SAMN03647537;SRR2100364
SAMN03647538;SRR2100365
SAMN03647539;SRR2100366
SAMN03647540;SRR2100367
SAMN03647541;SRR2100368
SAMN03647542;SRR2100369
SAMN03647543;SRR2100370
SAMN03647544;SRR2100371
SAMN03647545;SRR2100372
SAMN03647546;SRR2100373
SAMN03647547;SRR2100374
SAMN03647548;SRR2100375
SAMN03647549;SRR2100376
SAMN03647550;SRR2100377
SAMN03647551;SRR2100378
SAMN03647552;SRR2100379
SAMN03647553;SRR2100380
SAMN03647554;SRR2100381
SAMN03647555;SRR2100382
SAMN03647556;SRR2100383
SAMN03647557;SRR2100384
SAMN03647558;SRR2100385
SAMN03647559;SRR2100386
SAMN03647560;SRR2100387
SAMN03647561;SRR2100388
SAMN03647561;SRR2467267
SAMN03647562;SRR2100389
SAMN03647563;SRR2100390
SAMN03647564;SRR2100391
SAMN03647565;SRR2100392
SAMN03647566;SRR2100393
SAMN03647567;SRR2100394
SAMN03647568;SRR2100395
SAMN03647569;SRR2100396
SAMN03647570;SRR2100397
SAMN03647571;SRR2100398
SAMN03647572;SRR2100399
SAMN03647573;SRR2100400
ERS389344;ERR400386
ERS389345;ERR400387
SAMN03647574;SRR2100401
ERS389347;ERR400389
ERS389348;ERR400390
ERS389349;ERR400391
SAMN03647575;SRR2100402
SAMN03647576;SRR2100403
ERS389350;ERR400392
SAMN03647577;SRR2100404
ERS389351;ERR400393
ERS389352;ERR400394
ERS389353;ERR400395
ERS389354;ERR400396
ERS389355;ERR400397
ERS389356;ERR400398
ERS389357;ERR400399
ERS389358;ERR400400
ERS389359;ERR400401
ERS389360;ERR400402
ERS389361;ERR400403
ERS389362;ERR400404
ERS389363;ERR400405
ERS389364;ERR400406
ERS389365;ERR400407
ERS389366;ERR400408
ERS389367;ERR400409
SAMN03647578;SRR2100405
ERS389369;ERR400411
SAMN03647579;SRR2100406
ERS389371;ERR400413
ERS389372;ERR400414
SAMN03647580;SRR2100407
ERS389373;ERR400415
ERS389374;ERR400416
ERS389375;ERR400417
ERS389376;ERR400418
SAMN03647581;SRR2100408
ERS389377;ERR400419
SAMN03647582;SRR2100409
ERS389379;ERR400421
ERS389380;ERR400422
ERS389381;ERR400423
ERS389382;ERR400424
ERS389383;ERR400425
SAMN03647583;SRR2100410
ERS389384;ERR400426
ERS389385;ERR400427
SAMN03647584;SRR2100411
ERS389387;ERR400429
ERS389388;ERR400430
ERS389389;ERR400431
ERS389390;ERR400432
ERS389391;ERR400433
ERS389392;ERR400434
ERS389393;ERR400435
SAMN03647585;SRR2100412
ERS389394;ERR400436
SAMN03647586;SRR2100413
ERS389395;ERR400437
SAMN03647587;SRR2100414
ERS389397;ERR400439
ERS389398;ERR400440
ERS389399;ERR400441
ERS389400;ERR400442
ERS389401;ERR400443
ERS389402;ERR400444
SAMN03647588;SRR2100415
SAMN03647589;SRR2100416
ERS389403;ERR400445
SAMN03647590;SRR2100417
ERS389404;ERR400446
ERS389405;ERR400447
ERS389406;ERR400448
ERS389407;ERR400449
SAMN03647591;SRR2100418
ERS389408;ERR400450
SAMN03647592;SRR2100419
SAMN03647593;SRR2100420
SAMN03647594;SRR2100421
SAMN03647595;SRR2100422
SAMN03647596;SRR2100423
ERS389409;ERR400451
ERS389410;ERR400452
ERS389411;ERR400453
ERS389412;ERR400454
SAMN03647597;SRR2100424
SAMN03647598;SRR2100425
ERS389413;ERR400455
SAMN03647599;SRR2100426
ERS389415;ERR400457
ERS389416;ERR400458
ERS389417;ERR400459
ERS389418;ERR400460
ERS389419;ERR400461
ERS389420;ERR400462
SAMN03647600;SRR2100427
ERS389421;ERR400463
SAMN03647601;SRR2100428
ERS389422;ERR400464
ERS389423;ERR400465
ERS389424;ERR400466
ERS389425;ERR400467
SAMN03647602;SRR2100429
SAMN03647603;SRR2100430
ERS389426;ERR400468
SAMN03647604;SRR2100431
ERS389427;ERR400469
ERS389428;ERR400470
SAMN03647605;SRR2100432
ERS389429;ERR400471
ERS389430;ERR400472
ERS389431;ERR400473
ERS389432;ERR400474
ERS389433;ERR400475
ERS389434;ERR400476
SAMN03647606;SRR2100433
ERS389435;ERR400477
ERS389436;ERR400478
SAMN03647607;SRR2100434
ERS389437;ERR400479
ERS389438;ERR400480
SAMN03647608;SRR2100435
SAMN03647609;SRR2100436
ERS389439;ERR400481
SAMN03647610;SRR2100437
SAMN03647611;SRR2100438
SAMN03647612;SRR2100439
ERS389441;ERR400483
SAMN03647613;SRR2100440
SAMN03647614;SRR2100441
SAMN03647615;SRR2100442
ERS389445;ERR400487
ERS389447;ERR400489
ERS389448;ERR400490
SAMN03647616;SRR2100443
SAMN03647617;SRR2100444
ERS389449;ERR400491
SAMN03647618;SRR2100445
SAMN03647619;SRR2100446
ERS389450;ERR400492
SAMN03647620;SRR2100447
ERS389451;ERR400493
ERS389452;ERR400494
SAMN03647621;SRR2100448
SAMN03647622;SRR2100449
ERS389455;ERR400497
ERS389456;ERR400498
SAMN03647623;SRR2100450
ERS389458;ERR400500
ERS389462;ERR400504
ERS389463;ERR400505
SAMN03647624;SRR2100451
ERS389464;ERR400506
ERS389465;ERR400507
ERS389467;ERR400509
ERS389468;ERR400510
SAMN03647625;SRR2100452
SAMN03647626;SRR2100453
ERS389469;ERR400511
ERS389470;ERR400512
SAMN03647627;SRR2100454
ERS389471;ERR400513
SAMN03647628;SRR2100455
ERS389472;ERR400514
ERS389473;ERR400515
ERS389474;ERR400516
SAMN03647629;SRR2100456
ERS389475;ERR400517
ERS389476;ERR400518
ERS389477;ERR400519
ERS389478;ERR400520
ERS389479;ERR400521
ERS389480;ERR400522
ERS389481;ERR400523
ERS389482;ERR400524
ERS389483;ERR400525
SAMN03647630;SRR2100457
ERS389484;ERR400526
ERS389485;ERR400527
ERS389486;ERR400528
ERS389487;ERR400529
SAMN03647631;SRR2100458
ERS389488;ERR400530
ERS389489;ERR400531
ERS389490;ERR400532
SAMN03647632;SRR2100459
ERS389491;ERR400533
ERS389492;ERR400534
ERS389493;ERR400535
SAMN03647633;SRR2100460
SAMN03647634;SRR2100461
ERS389494;ERR400536
ERS389495;ERR400537
SAMN03647635;SRR2100462
SAMN03647636;SRR2100463
SAMN03647637;SRR2100464
ERS389498;ERR400540
ERS389499;ERR400541
ERS389500;ERR400542
ERS389501;ERR400543
SAMN03647638;SRR2100465
ERS389503;ERR400545
ERS389504;ERR400546
ERS389505;ERR400547
ERS389507;ERR400549
ERS389508;ERR400550
ERS389509;ERR400551
ERS389510;ERR400552
ERS389511;ERR400553
ERS389512;ERR400554
ERS389513;ERR400555
SAMN03647639;SRR2100466
ERS389514;ERR400556
ERS389515;ERR400557
ERS389516;ERR400558
SAMN03647640;SRR2100467
SAMN03647641;SRR2100468
SAMN03647642;SRR2100469
SAMN03647643;SRR2100470
SAMN03647644;SRR2100471
SAMN03647645;SRR2100472
SAMN03647646;SRR2100473
SAMN03647647;SRR2100474
SAMN03647648;SRR2100475
SAMN03647649;SRR2100476
SAMN03647650;SRR2100477
SAMN03647651;SRR2100478
SAMN03647652;SRR2100479
SAMN03647653;SRR2100480
SAMN03647654;SRR2100481
SAMN03647655;SRR2100482
SAMN03647656;SRR2100483
SAMN03647657;SRR2100484
SAMN03647658;SRR2100485
SAMN03647659;SRR2100486
SAMN03647660;SRR2100487
SAMN03647661;SRR2100488
SAMN03647662;SRR2100489
SAMN03647663;SRR2100490
SAMN03647664;SRR2100491
SAMN03647665;SRR2100492
SAMN03647666;SRR2100493
SAMN03647667;SRR2100494
SAMN03647668;SRR2100495
SAMN03647669;SRR2100496
SAMN03647670;SRR2100497
SAMN03647671;SRR2100498
SAMN03647672;SRR2100499
SAMN03647673;SRR2100500
SAMN03647674;SRR2100501
SAMN03647675;SRR2100502
SAMN03647676;SRR2100503
SAMN03647677;SRR2100504
SAMN03647678;SRR2100505
SAMN03647679;SRR2100506
SAMN03647680;SRR2100507
SAMN03647681;SRR2100508
SAMN03647683;SRR2100510
SAMN03647684;SRR2100511
SAMN03647685;SRR2100512
SAMN03647686;SRR2100513
SAMN03647687;SRR2100514
SAMN03647688;SRR2100515
SAMN03647689;SRR2100516
SAMN03647690;SRR2100517
SAMN03647691;SRR2100518
SAMN03647692;SRR2100519
SAMN03647693;SRR2100520
SAMN03647694;SRR2100521
SAMN03647695;SRR2100522
SAMN03647696;SRR2100523
SAMN03647697;SRR2100524
SAMN03647698;SRR2100525
SAMN03647699;SRR2100526
SAMN03647700;SRR2100527
SAMN03647701;SRR2100528
SAMN03647702;SRR2100529
SAMN03647703;SRR2100530
SAMN03647704;SRR2100531
SAMN03647705;SRR2100532
SAMN03647706;SRR2100533
SAMN03647707;SRR2100534
SAMN03647708;SRR2100535
SAMN03647709;SRR2100536
SAMN03647710;SRR2100537
SAMN03647711;SRR2100538
SAMN03647712;SRR2100539
SAMN03647713;SRR2100540
SAMN03647714;SRR2100541
SAMN03647715;SRR2100542
SAMN03647716;SRR2100543
SAMN03647717;SRR2100544
SAMN03647718;SRR2100545
SAMN03647719;SRR2100546
SAMN03647720;SRR2100547
SAMN03647721;SRR2100548
SAMN03647722;SRR2100549
SAMN03647723;SRR2100550
SAMN03647724;SRR2100551
SAMN03647725;SRR2100552
SAMN03647726;SRR2100553
SAMN03647727;SRR2100554
SAMN03647728;SRR2100555
SAMN03647729;SRR2100556
SAMN03647730;SRR2100557
SAMN03647731;SRR2100558
SAMN03647732;SRR2100559
SAMN03647733;SRR2100560
SAMN03647734;SRR2100561
SAMN03647735;SRR2100562
SAMN03647736;SRR2100563
SAMN03647737;SRR2100564
SAMN03647738;SRR2100565
SAMN03647739;SRR2100566
SAMN03647740;SRR2100567
SAMN03647741;SRR2100568
SAMN03647742;SRR2100569
SAMN03647743;SRR2100570
SAMN03647744;SRR2100571
SAMN03647745;SRR2100572
SAMN03647746;SRR2100573
SAMN03647747;SRR2100574
SAMN03647748;SRR2100575
SAMN03647749;SRR2100576
SAMN03647750;SRR2100577
SAMN03647751;SRR2100578
SAMN03647752;SRR2100579
SAMN03647753;SRR2100580
SAMN03647754;SRR2100581
SAMN03647755;SRR2100582
SAMN03647756;SRR2100583
SAMN03647757;SRR2100584
SAMN03647758;SRR2100585
SAMN03647759;SRR2100586
SAMN03647760;SRR2100587
SAMN03647761;SRR2100588
SAMN03647762;SRR2100589
SAMN03647763;SRR2100590
SAMN03647764;SRR2100591
SAMN03647765;SRR2100592
SAMN03647766;SRR2100593
SAMN03647767;SRR2100594
SAMN03647768;SRR2100595
SAMN03647769;SRR2100596
SAMN03647770;SRR2100597
SAMN03647771;SRR2100598
SAMN03647772;SRR2100599
SAMN03647773;SRR2100600
SAMN03647774;SRR2100601
SAMN03647775;SRR2100602
SAMN03647776;SRR2100603
SAMN03647777;SRR2100604
SAMN03647778;SRR2100605
SAMN03647779;SRR2100606
SAMN03647780;SRR2100607
SAMN03647781;SRR2100608
SAMN03647782;SRR2100609
SAMN03647783;SRR2100610
SAMN03647784;SRR2100611
SAMN03647785;SRR2100612
SAMN03647786;SRR2100613
SAMN03647787;SRR2100614
SAMN03647788;SRR2100615
SAMN03647789;SRR2100616
SAMN03647790;SRR2100617
SAMN03647791;SRR2100618
SAMN03647792;SRR2100619
SAMN03647793;SRR2100620
SAMN03647794;SRR2100621
SAMN03647795;SRR2100622
SAMN03647796;SRR2100623
SAMN03647797;SRR2100624
SAMN03647798;SRR2100625
SAMN03647799;SRR2100626
SAMN03647800;SRR2100627
SAMN03647801;SRR2100628
SAMN03647802;SRR2100629
SAMN03647803;SRR2100630
SAMN03647804;SRR2100631
SAMN03647805;SRR2100632
SAMN03647806;SRR2100633
SAMN03647807;SRR2100634
SAMN03647808;SRR2100635
SAMN03647809;SRR2100636
SAMN03647810;SRR2100637
SAMN03647811;SRR2100638
SAMN03647812;SRR2100639
SAMN03647813;SRR2100640
SAMN03647814;SRR2100641
SAMN03647815;SRR2100642
SAMN03647816;SRR2100643
SAMN03647817;SRR2100644
SAMN03647818;SRR2100645
SAMN03647819;SRR2100646
SAMN03647820;SRR2100647
SAMN03647821;SRR2100648
SAMN03647822;SRR2100649
SAMN03647823;SRR2100650
SAMN03647824;SRR2100651
SAMN03647825;SRR2100652
SAMN03647826;SRR2100653
SAMN03647827;SRR2100654
SAMN03647828;SRR2100655
SAMN03647829;SRR2100656
SAMN03647830;SRR2100657
SAMN03647831;SRR2100658
SAMN03647832;SRR2100659
SAMN03647833;SRR2100660
SAMN03647834;SRR2100661
SAMN03647835;SRR2100662
SAMN03647836;SRR2100663
SAMN03647837;SRR2100664
SAMN03647838;SRR2100665
SAMN03647839;SRR2100666
SAMN03647840;SRR2100667
SAMN03647841;SRR2100668
SAMN03647842;SRR2100669
SAMN03647843;SRR2100670
SAMN03647844;SRR2100671
SAMN03647845;SRR2100672
SAMN03647846;SRR2100673
SAMN03647847;SRR2100674
SAMN03647848;SRR2100675
SAMN03647849;SRR2100676
SAMN03647850;SRR2100677
SAMN03647851;SRR2100678
SAMN03647852;SRR2100679
SAMN03647853;SRR2100680
SAMN03647854;SRR2100681
SAMN03647855;SRR2100682
SAMN03647856;SRR2100683
SAMN03647857;SRR2100684
SAMN03647858;SRR2100685
SAMN03647859;SRR2100686
SAMN03647860;SRR2100687
SAMN03647861;SRR2100688
SAMN03647862;SRR2100689
SAMN03647863;SRR2100690
SAMN03647864;SRR2100691
SAMN03647865;SRR2100692
SAMN03647866;SRR2100693
SAMN03647867;SRR2100694
SAMN03647868;SRR2100695
SAMN03647869;SRR2100696
SAMN03647870;SRR2100697
SAMN03647871;SRR2100698
SAMN03647872;SRR2100699
SAMN03647873;SRR2100700
SAMN03647874;SRR2100701
SAMN03647875;SRR2100702
SAMN03647876;SRR2100703
SAMN03647877;SRR2100704
SAMN03647878;SRR2100705
SAMN03647879;SRR2100706
SAMN03647880;SRR2100707
SAMN03647881;SRR2100708
SAMN03647882;SRR2100709
SAMN03647883;SRR2100710
SAMN03647884;SRR2100711
SAMN03647885;SRR2100712
SAMN03647886;SRR2100713
SAMN03647887;SRR2100714
SAMN03647888;SRR2100715
SAMN03647889;SRR2100716
SAMN03647890;SRR2100717
SAMN03647891;SRR2100718
SAMN03647892;SRR2100719
SAMN03647893;SRR2100720
SAMN03647894;SRR2100721
SAMN03647895;SRR2100722
SAMN03647896;SRR2100723
SAMN03647897;SRR2100724
SAMN03647898;SRR2100725
SAMN03647899;SRR2100726
SAMN03647900;SRR2100727
SAMN03647901;SRR2100728
SAMN03647902;SRR2100729
SAMN03647903;SRR2100730
SAMN03647904;SRR2100731
SAMN03647905;SRR2100732
SAMN03647906;SRR2100733
SAMN03647907;SRR2100734
SAMN03647908;SRR2100735
SAMN03647909;SRR2100736
SAMN03647910;SRR2100737
SAMN03647911;SRR2100738
SAMN03647912;SRR2100739
SAMN03647913;SRR2100740
SAMN03647914;SRR2100741
SAMN03647915;SRR2100742
SAMN03647916;SRR2100743
SAMN03647917;SRR2100744
SAMN03647918;SRR2100745
SAMN03647919;SRR2100746
SAMN03647920;SRR2100747
SAMN03647921;SRR2100748
SAMN03647922;SRR2100749
SAMN03647923;SRR2100750
SAMN03647924;SRR2100751
SAMN03647925;SRR2100752
SAMN03647926;SRR2100753
SAMN03647927;SRR2100754
SAMN03647928;SRR2100755
SAMN03647929;SRR2100756
SAMN03647930;SRR2100757
SAMN03647931;SRR2100758
SAMN03647932;SRR2100759
SAMN03647933;SRR2100760
SAMN03647934;SRR2100761
SAMN03647935;SRR2100762
SAMN03647936;SRR2100763
SAMN03647937;SRR2100764
SAMN03647938;SRR2100765
SAMN03647939;SRR2100766
SAMN03647940;SRR2100767
SAMN03647941;SRR2100768
SAMN03647942;SRR2100769
SAMN03647943;SRR2100770
SAMN03647944;SRR2100771
SAMN03647945;SRR2100772
SAMN03647946;SRR2100773
SAMN03647947;SRR2100774
SAMN03647948;SRR2100775
SAMN03647949;SRR2100776
SAMN03647950;SRR2100777
SAMN03647951;SRR2100778
SAMN03647952;SRR2100779
SAMN03647953;SRR2100780
SAMN03647954;SRR2100781
SAMN03647955;SRR2100782
SAMN03647956;SRR2100783
SAMN03647957;SRR2100784
SAMN03647958;SRR2100785
SAMN03647959;SRR2100786
SAMN03647960;SRR2100787
SAMN03647961;SRR2100788
SAMN03647962;SRR2100789
SAMN03647963;SRR2100790
SAMN03647964;SRR2100791
SAMN03647965;SRR2100792
SAMN03647966;SRR2100793
SAMN03647967;SRR2100794
SAMN03647968;SRR2100795
SAMN03647969;SRR2100796
SAMN03647970;SRR2100797
SAMN03647971;SRR2100798
SAMN03647972;SRR2100799
SAMN03647973;SRR2100800
SAMN03647974;SRR2100801
SAMN03647975;SRR2100802
SAMN03647976;SRR2100803
SAMN03647977;SRR2100804
SAMN03647978;SRR2100805
SAMN03647979;SRR2100806
SAMN03647980;SRR2100807
SAMN03647981;SRR2100808
SAMN03647982;SRR2100809
SAMN03647983;SRR2100810
SAMN03647984;SRR2100811
SAMN03647985;SRR2100812
SAMN03647986;SRR2100813
SAMN03647987;SRR2100814
SAMN03647988;SRR2100815
SAMN03647989;SRR2100816
SAMN03647990;SRR2100817
SAMN03647991;SRR2100818
SAMN03647992;SRR2100819
SAMN03647993;SRR2100820
SAMN03647994;SRR2100821
SAMN03647995;SRR2100822
SAMN03647996;SRR2100823
SAMN03647997;SRR2100824
SAMN03647998;SRR2100825
SAMN03647999;SRR2100826
SAMN03648000;SRR2100827
SAMN03648001;SRR2100828
SAMN03648002;SRR2100829
SAMN03648002;SRR2467271
SAMN03648003;SRR2100830
SAMN03648004;SRR2100831
SAMN03648005;SRR2100832
SAMN03648006;SRR2100833
SAMN03648007;SRR2100834
SAMN03648008;SRR2100835
SAMN03648009;SRR2100836
SAMN03648010;SRR2100837
SAMN03648011;SRR2100838
SAMN03648012;SRR2100839
SAMN03648013;SRR2100840
SAMN03648014;SRR2100841
SAMN03648015;SRR2100842
SAMN03648016;SRR2100843
SAMN03648017;SRR2100844
SAMN03648018;SRR2100845
SAMN03648019;SRR2100846
SAMN03648020;SRR2100847
SAMN03648021;SRR2100848
SAMN03648022;SRR2100849
SAMN03648023;SRR2100850
SAMN03648024;SRR2100851
SAMN03648025;SRR2100852
SAMN03648026;SRR2100853
SAMN03648027;SRR2100854
SAMN03648028;SRR2100855
SAMN03648029;SRR2100856
SAMN03648030;SRR2100857
SAMN03648031;SRR2100858
SAMN03648032;SRR2100859
SAMN03648033;SRR2100860
SAMN03648034;SRR2100861
SAMN03648035;SRR2100862
SAMN03648036;SRR2100863
SAMN03648037;SRR2100864
SAMN03648038;SRR2100865
SAMN03648039;SRR2100866
SAMN03648040;SRR2100867
SAMN03648041;SRR2100868
SAMN03648042;SRR2100869
SAMN03648043;SRR2100870
SAMN03648044;SRR2100871
SAMN03648045;SRR2100872
SAMN03648046;SRR2100873
SAMN03648047;SRR2100874
SAMN03648048;SRR2100875
SAMN03648049;SRR2100876
SAMN03648050;SRR2100877
SAMN03648051;SRR2100878
SAMN03648052;SRR2100879
SAMN03648053;SRR2100880
SAMN03648054;SRR2100881
SAMN03648055;SRR2100882
SAMN03648056;SRR2100883
SAMN03648057;SRR2100884
SAMN03648058;SRR2100885
SAMN03648059;SRR2100886
SAMN03648060;SRR2100887
SAMN03648061;SRR2100888
SAMN03648062;SRR2100889
SAMN03648063;SRR2100890
SAMN03648064;SRR2100891
SAMN03648065;SRR2100892
SAMN03648066;SRR2100893
SAMN03648067;SRR2100894
SAMN03648068;SRR2100895
SAMN03648069;SRR2100896
SAMN03648070;SRR2100897
SAMN03648071;SRR2100898
SAMN03648072;SRR2100899
SAMN03648073;SRR2100900
SAMN03648074;SRR2100901
SAMN03648075;SRR2100902
SAMN03648076;SRR2100903
SAMN03648077;SRR2100904
SAMN03648078;SRR2100905
SAMN03648079;SRR2100906
SAMN03648080;SRR2100907
SAMN03648080;SRR2467268
SAMN03648081;SRR2100908
SAMN03648082;SRR2100909
SAMN03648083;SRR2100910
SAMN03648084;SRR2100911
SAMN03648085;SRR2100912
SAMN03648086;SRR2100913
SAMN03648087;SRR2100914
SAMN03648088;SRR2100915
SAMN03648089;SRR2100916
SAMN03648090;SRR2100917
SAMN03648091;SRR2100918
SAMN03648092;SRR2100919
SAMN03648093;SRR2100920
SAMN03648094;SRR2100921
SAMN03648095;SRR2100922
SAMN03648095;SRR2467269
SAMN03648170;SRR2100923
SAMN03648171;SRR2100924
SAMN03648172;SRR2100925
SAMN03648173;SRR2100926
SAMN03648174;SRR2100927
SAMN03648175;SRR2100928
SAMN03648176;SRR2100929
SAMN03648177;SRR2100930
SAMN03648178;SRR2100931
SAMN03648179;SRR2100932
SAMN03648180;SRR2100933
SAMN03648181;SRR2100934
SAMN03648182;SRR2100935
SAMN03648183;SRR2100936
SAMN03648184;SRR2100937
SAMN03648185;SRR2100938
SAMN03648186;SRR2100939
SAMN03648187;SRR2100940
SAMN03648188;SRR2100941
SAMN03648189;SRR2100942
SAMN03648190;SRR2100943
SAMN03648191;SRR2100944
SAMN03648192;SRR2100945
SAMN03648193;SRR2100946
SAMN03648194;SRR2100947
SAMN03648195;SRR2100948
SAMN03648196;SRR2100949
SAMN03648197;SRR2100950
SAMN03648198;SRR2100951
SAMN03648199;SRR2100952
SAMN03648200;SRR2100953
SAMN03648201;SRR2100954
SAMN03648202;SRR2100955
SAMN03648203;SRR2100956
SAMN03648204;SRR2100957
SAMN03648205;SRR2100958
SAMN03648206;SRR2100959
SAMN03648207;SRR2100960
SAMN03648208;SRR2100961
SAMN03648209;SRR2100962
SAMN03648210;SRR2100963
SAMN03648211;SRR2100964
SAMN03648212;SRR2100965
SAMN03648213;SRR2100966
SAMN03648214;SRR2100967
SAMN03648215;SRR2100968
SAMN03648216;SRR2100969
SAMN03648217;SRR2100970
SAMN03648218;SRR2100971
SAMN03648219;SRR2100972
SAMN03648220;SRR2100973
SAMN03648221;SRR2100974
SAMN03648222;SRR2100975
SAMN03648223;SRR2100976
SAMN03648224;SRR2100977
SAMN03648225;SRR2100978
SAMN03648226;SRR2100979
SAMN03648227;SRR2100980
SAMN03648228;SRR2100981
SAMN03648229;SRR2100982
SAMN03648230;SRR2100983
SAMN03648231;SRR2100984
SAMN03648232;SRR2100985
SAMN03648233;SRR2100986
SAMN03648234;SRR2100987
SAMN03648235;SRR2100988
SAMN03648236;SRR2100989
SAMN03648237;SRR2100990
SAMN03648238;SRR2100991
SAMN03648239;SRR2100992
SAMN03648240;SRR2100993
SAMN03648241;SRR2100994
SAMN03648242;SRR2100995
SAMN03648243;SRR2100996
SAMN03648244;SRR2100997
SAMN03648245;SRR2100998
SAMN03648246;SRR2100999
SAMN03648247;SRR2101000
SAMN03648248;SRR2101001
SAMN03648249;SRR2101002
SAMN03648250;SRR2101003
SAMN03648251;SRR2101004
SAMN03648252;SRR2101005
SAMN03648253;SRR2101006
SAMN03648254;SRR2101007
SAMN03648255;SRR2101008
SAMN03648256;SRR2101009
SAMN03648257;SRR2101010
SAMN03648258;SRR2101011
SAMN03648259;SRR2101012
SAMN03648260;SRR2101013
SAMN03648261;SRR2101014
SAMN03648262;SRR2101015
SAMN03648263;SRR2101016
SAMN03648264;SRR2101017
SAMN03648265;SRR2101018
SAMN03648266;SRR2101019
SAMN03648267;SRR2101020
SAMN03648268;SRR2101021
SAMN03648269;SRR2101022
SAMN03648270;SRR2101023
SAMN03648271;SRR2101024
SAMN03648272;SRR2101025
SAMN03648273;SRR2101026
SAMN03648274;SRR2101027
SAMN03648275;SRR2101028
SAMN03648276;SRR2101029
SAMN03648277;SRR2101030
SAMN03648278;SRR2101031
SAMN03648279;SRR2101032
SAMN03648280;SRR2101033
SAMN03648281;SRR2101034
SAMN03648282;SRR2101035
SAMN03648283;SRR2101036
SAMN03648284;SRR2101037
SAMN03648285;SRR2101038
SAMN03648286;SRR2101039
SAMN03648287;SRR2101040
SAMN03648288;SRR2101041
SAMN03648289;SRR2101042
SAMN03648290;SRR2101043
SAMN03648291;SRR2101044
SAMN03648292;SRR2101045
SAMN03648293;SRR2101046
SAMN03648294;SRR2101047
SAMN03648295;SRR2101048
SAMN03648296;SRR2101049
SAMN03648297;SRR2101050
SAMN03648298;SRR2101051
SAMN03648299;SRR2101052
SAMN03648300;SRR2101053
SAMN03648301;SRR2101054
SAMN03648302;SRR2101055
SAMN03648303;SRR2101056
SAMN03648304;SRR2101057
SAMN03648305;SRR2101058
SAMN03648306;SRR2101059
SAMN03648307;SRR2101060
SAMN03648308;SRR2101061
SAMN03648309;SRR2101062
ERS389518;ERR400307
ERS389519;ERR400308
ERS389520;ERR400309
SAMN03648310;SRR2101063
ERS389522;ERR400311
ERS389523;ERR400312
ERS389524;ERR400313
ERS389525;ERR400314
ERS389527;ERR400316
ERS389528;ERR400317
ERS389529;ERR400318
ERS389530;ERR400319
SAMN03648311;SRR2101064
SAMN03648312;SRR2101065
ERS389535;ERR400324
ERS389536;ERR400325
ERS389538;ERR400327
SAMN03648313;SRR2101066
ERS389539;ERR400328
ERS389540;ERR400329
ERS389541;ERR400330
ERS389542;ERR400331
ERS389543;ERR400332
ERS389544;ERR400333
SAMN03648314;SRR2101067
ERS389545;ERR400334
ERS389548;ERR400337
ERS389549;ERR400338
ERS389550;ERR400339
ERS389551;ERR400340
ERS389552;ERR400341
ERS389553;ERR400342
ERS389554;ERR400343
SAMN03648315;SRR2101068
SAMN03648316;SRR2101069
SAMN03648317;SRR2101070
SAMN03648318;SRR2101071
SAMN03648319;SRR2101072
SAMN03648320;SRR2101073
SAMN03648321;SRR2101074
SAMN03648322;SRR2101075
SAMN03648323;SRR2101076
SAMN03648324;SRR2101077
SAMN03648325;SRR2101078
SAMN03648326;SRR2101079
SAMN03648327;SRR2101080
SAMN03648328;SRR2101081
SAMN03648329;SRR2101082
SAMN03648330;SRR2101083
SAMN03648331;SRR2101084
ERS389558;ERR400347
ERS389559;ERR400348
ERS389562;ERR400351
ERS389563;ERR400352
ERS389564;ERR400353
ERS389565;ERR400354
ERS389568;ERR400357
ERS389569;ERR400358
SAMN03648332;SRR2101085
ERS389575;ERR400364
ERS389579;ERR400368
ERS389580;ERR400369
ERS389581;ERR400370
SAMN03648333;SRR2101086
SAMN03648334;SRR2101087
SAMN03648335;SRR2101088
SAMN03648336;SRR2101089
SAMN03648337;SRR2101090
SAMN03648338;SRR2101091
SAMN03648339;SRR2101092
SAMN03648340;SRR2101093
SAMN03648341;SRR2101094
SAMN03648342;SRR2101095
SAMN03648343;SRR2101096
SAMN03648344;SRR2101097
SAMN03648345;SRR2101098
SAMN03648346;SRR2101099
SAMN03648347;SRR2101100
SAMN03648348;SRR2101101
SAMN03648349;SRR2101102
SAMN03648350;SRR2101103
SAMN03648351;SRR2101104
SAMN03648352;SRR2101105
SAMN03648353;SRR2101106
SAMN03648354;SRR2101107
SAMN03648355;SRR2101108
SAMN03648356;SRR2101109
SAMN03648357;SRR2101110
SAMN03648358;SRR2101111
SAMN03648359;SRR2101112
SAMN03648360;SRR2101113
SAMN03648361;SRR2101114
SAMN03648362;SRR2101115
SAMN03648363;SRR2101116
SAMN03648364;SRR2101117
SAMN03648365;SRR2101118
SAMN03648366;SRR2101119
SAMN03648367;SRR2101120
SAMN03648368;SRR2101121
SAMN03648369;SRR2101122
SAMN03648370;SRR2101123
SAMN03648371;SRR2101124
SAMN03648372;SRR2101125
SAMN03648373;SRR2101126
SAMN03648374;SRR2101127
SAMN03648375;SRR2101128
SAMN03648376;SRR2101129
SAMN03648377;SRR2101130
SAMN03648378;SRR2101131
SAMN03648379;SRR2101132
SAMN03648380;SRR2101133
SAMN03648381;SRR2101134
SAMN03648382;SRR2101135
SAMN03648383;SRR2101136
SAMN03648384;SRR2101137
SAMN03648385;SRR2101138
SAMN03648386;SRR2101139
SAMN03648387;SRR2101140
SAMN03648388;SRR2101141
SAMN03648389;SRR2101142
SAMN03648390;SRR2101143
SAMN03648391;SRR2101144
SAMN03648392;SRR2101145
SAMN03648393;SRR2101146
SAMN03648394;SRR2101147
SAMN03648395;SRR2101148
SAMN03648396;SRR2101149
SAMN03648397;SRR2101150
SAMN03648398;SRR2101151
SAMN03648399;SRR2101152
SAMN03648400;SRR2101153
SAMN03648401;SRR2101154
SAMN03648402;SRR2101155
SAMN03648403;SRR2101156
SAMN03648404;SRR2101157
SAMN03648405;SRR2101158
SAMN03648406;SRR2101159
SAMN03648407;SRR2101160
SAMN03648408;SRR2101161
SAMN03648409;SRR2101162
SAMN03648410;SRR2101163
SAMN03648411;SRR2101164
SAMN03648412;SRR2101165
SAMN03648413;SRR2101166
SAMN03648414;SRR2101167
SAMN03648415;SRR2101168
SAMN03648416;SRR2101169
SAMN03648417;SRR2101170
SAMN03648418;SRR2101171
SAMN03648419;SRR2101172
SAMN03648420;SRR2101173
SAMN03648421;SRR2101174
SAMN03648422;SRR2101175
SAMN03648423;SRR2101176
SAMN03648424;SRR2101177
SAMN03648425;SRR2101178
SAMN03648426;SRR2101179
SAMN03648427;SRR2101180
SAMN03648428;SRR2101181
SAMN03648429;SRR2101182
SAMN03648430;SRR2101183
SAMN03648431;SRR2101184
SAMN03648432;SRR2101185
SAMN03648433;SRR2101186
SAMN03648434;SRR2101187
SAMN03648435;SRR2101188
SAMN03648436;SRR2101189
SAMN03648437;SRR2101190
SAMN03648438;SRR2101191
SAMN03648439;SRR2101192
SAMN03648440;SRR2101193
SAMN03648441;SRR2101194
SAMN03648442;SRR2101195
SAMN03648443;SRR2101196
SAMN03648444;SRR2101197
SAMN03648445;SRR2101198
SAMN03648446;SRR2101199
SAMN03648447;SRR2101200
SAMN03648448;SRR2101201
SAMN03648449;SRR2101202
SAMN03648450;SRR2101203
SAMN03648451;SRR2101204
SAMN03648452;SRR2101205
SAMN03648453;SRR2101206
SAMN03648454;SRR2101207
SAMN03648455;SRR2101208
SAMN03648456;SRR2101209
SAMN03648457;SRR2101210
SAMN03648458;SRR2101211
SAMN03648459;SRR2101212
SAMN03648460;SRR2101213
SAMN03648461;SRR2101214
SAMN03648462;SRR2101215
SAMN03648463;SRR2101216
SAMN03648464;SRR2101217
SAMN03648465;SRR2101218
SAMN03648466;SRR2101219
SAMN03648467;SRR2101220
SAMN03648468;SRR2101221
SAMN03648469;SRR2101222
SAMN03648470;SRR2101223
SAMN03648471;SRR2101224
SAMN03648472;SRR2101225
SAMN03648473;SRR2101226
SAMN03648474;SRR2101227
SAMN03648475;SRR2101228
SAMN03648476;SRR2101229
SAMN03648477;SRR2101230
SAMN03648478;SRR2101231
SAMN03648479;SRR2101232
SAMN03648480;SRR2101233
SAMN03648481;SRR2101234
SAMN03648482;SRR2101235
SAMN03648483;SRR2101236
SAMN03648484;SRR2101237
SAMN03648485;SRR2101238
SAMN03648486;SRR2101239
SAMN03648487;SRR2101240
SAMN03648488;SRR2101241
SAMN03648489;SRR2101242
SAMN03648490;SRR2101243
SAMN03648491;SRR2101244
SAMN03648492;SRR2101245
SAMN03648493;SRR2101246
SAMN03648494;SRR2101247
SAMN03648495;SRR2101248
SAMN03648496;SRR2101249
SAMN03648497;SRR2101250
SAMN03648498;SRR2101251
SAMN03648499;SRR2101252
SAMN03648500;SRR2101253
SAMN03648501;SRR2101254
SAMN03648502;SRR2101255
SAMN03648503;SRR2101256
SAMN03648504;SRR2101257
SAMN03648505;SRR2101258
SAMN03648506;SRR2101259
SAMN03648507;SRR2101260
SAMN03648508;SRR2101261
SAMN03648509;SRR2101262
SAMN03648510;SRR2101263
SAMN03648511;SRR2101264
SAMN03648512;SRR2101265
SAMN03648513;SRR2101266
SAMN03648514;SRR2101267
SAMN03648515;SRR2101268
SAMN03648516;SRR2101269
SAMN03648517;SRR2101270
SAMN03648518;SRR2101271
SAMN03648519;SRR2101272
SAMN03648520;SRR2101273
SAMN03648521;SRR2101274
SAMN03648522;SRR2101275
SAMN03648523;SRR2101276
SAMN03648524;SRR2101277
ERS389586;ERR400375
SAMN03648525;SRR2101278
ERS389587;ERR400376
ERS389588;ERR400377
ERS389589;ERR400378
ERS389590;ERR400379
ERS389591;ERR400380
ERS389592;ERR400381
SAMN03648527;SRR2101280
SAMN03648528;SRR2101281
SAMN03648529;SRR2101282
SAMN03648530;SRR2101283
SAMN03648531;SRR2101284
SAMN03648532;SRR2101285
SAMN03648533;SRR2101286
SAMN03648534;SRR2101287
SAMN03648535;SRR2101288
SAMN03648536;SRR2101289
SAMN03648537;SRR2101290
SAMN03648538;SRR2101291
SAMN03648539;SRR2101292
SAMN03648540;SRR2101293
SAMN03648541;SRR2101294
SAMN03648542;SRR2101295
SAMN03648543;SRR2101296
SAMN03648544;SRR2101297
SAMN03648545;SRR2101298
SAMN03648546;SRR2101299
SAMN03648567;SRR2101320
SAMN03648568;SRR2101321
SAMN03648570;SRR2101323
SAMN03648571;SRR2101324
SAMN03648572;SRR2101325
SAMN03648573;SRR2101326
SAMN03648574;SRR2101327
SAMN03648575;SRR2101328
SAMN03648576;SRR2101329
SAMN03648592;SRR2101345
SAMN03648593;SRR2101346
SAMN03648594;SRR2101347
SAMN03648595;SRR2101348
SAMN03648596;SRR2101349
SAMN03648597;SRR2101350
SAMN03648598;SRR2101351
SAMN03648602;SRR2101355
SAMN03648607;SRR2101360
SAMN03648623;SRR2101376
SAMN03648625;SRR2101378
SAMN03648626;SRR2101379
SAMN03648630;SRR2101383
SAMN03648631;SRR2101384
SAMN03648633;SRR2101386
SAMN03648636;SRR2101389
SAMN03648637;SRR2101390
SAMN03648642;SRR2101395
SAMN03648650;SRR2101403
SAMN03648652;SRR2101405
SAMN03648654;SRR2101407
SAMN03648656;SRR2101409
SAMN03648658;SRR2101411
SAMN03648659;SRR2101412
SAMN03648660;SRR2101413
SAMN03648663;SRR2101416
SAMN03648664;SRR2101417
SAMN03648667;SRR2101420
SAMN03648671;SRR2101424
SAMN03648673;SRR2101426
SAMN03648677;SRR2101430
SAMN03648685;SRR2101438
SAMN03648687;SRR2101440
SAMN03648690;SRR2101443
SAMN03648698;SRR2101451
SAMN03648699;SRR2101452
SAMN03648701;SRR2101454
SAMN03648706;SRR2101459
SAMN03648709;SRR2101462
SAMN03648717;SRR2101470
SAMN03648720;SRR2101473
SAMN03648746;SRR2101499
SAMN03648753;SRR2101506
SAMN03648761;SRR2101514
SAMN03648782;SRR2101535
SAMN03648783;SRR2101536
SAMN03648790;SRR2101543
SAMN03648793;SRR2101546
SAMN03648796;SRR2101549
SAMN03648798;SRR2101551
SAMN03648805;SRR2101558
SAMN03648810;SRR2101563
SAMN03648811;SRR2101564
SAMN03648813;SRR2101566
SAMN03648820;SRR2101573
SAMN03648827;SRR2101580
SAMN03648829;SRR2101582
SAMN03648833;SRR2101586
SAMN03648834;SRR2101587
SAMN03648836;SRR2101589
SAMN03648854;SRR2101607
SAMN03649064;SRR2101817
SAMN03649065;SRR2101818
SAMN03649066;SRR2101819
SAMN03649067;SRR2101820
SAMN03649068;SRR2101821
SAMN03649069;SRR2101822
SAMN03649070;SRR2101823
SAMN03649071;SRR2101824
SAMN03649072;SRR2101825
SAMN03649073;SRR2101826
ERR551085;ERR551085
ERR551223;ERR551223
ERR552204;ERR552204
ERR551150;ERR551150
ERR553349;ERR553349
ERR552113;ERR552113
ERR552505;ERR552505
ERR552942;ERR552942
ERR552440;ERR552440
ERR550646;ERR550646
ERR550647;ERR550647
ERR550645;ERR550645
ERR552659;ERR552659
ERR498373;ERR498373
ERR498374;ERR498374
ERR551858;ERR551858
ERR550975;ERR550975
ERR552676;ERR552676
ERR551751;ERR551751
ERR552249;ERR552249
ERR552232;ERR552232
ERR552845;ERR552845
ERR552813;ERR552813
ERR553054;ERR553054
ERR551932;ERR551932
ERR553379;ERR553379
ERR553296;ERR553296
ERR550955;ERR550955
ERR551839;ERR551839
ERR552984;ERR552984
ERR551652;ERR551652
ERR552019;ERR552019
ERR551507;ERR551507
ERR553140;ERR553140
ERR552371;ERR552371
ERR551276;ERR551276
ERR551313;ERR551313
ERR551836;ERR551836
ERR551508;ERR551508
ERR551803;ERR551803
ERR550653;ERR550653
ERR551257;ERR551257
ERR552941;ERR552941
ERR552502;ERR552502
ERR553196;ERR553196
ERR552220;ERR552220
ERR552736;ERR552736
ERR553076;ERR553076
ERR550698;ERR550698
ERR552238;ERR552238
ERR552239;ERR552239
ERR552240;ERR552240
ERR551178;ERR551178
ERR551716;ERR551716
ERR551697;ERR551697
ERR551698;ERR551698
ERR550887;ERR550887
ERR550886;ERR550886
ERR552906;ERR552906
ERR552907;ERR552907
ERR551138;ERR551138
ERR551137;ERR551137
ERR552051;ERR552051
ERR550923;ERR550923
ERR550922;ERR550922
ERR553217;ERR553217
ERR553218;ERR553218
ERR550764;ERR550764
ERR552200;ERR552200
ERR552199;ERR552199
ERR552377;ERR552377
ERR552376;ERR552376
ERR551489;ERR551489
ERR552104;ERR552104
ERR552103;ERR552103
ERR551095;ERR551095
ERR552886;ERR552886
ERR552898;ERR552898
ERR552363;ERR552363
ERR552362;ERR552362
ERR552364;ERR552364
ERR551846;ERR551846
ERR552050;ERR552050
ERR551269;ERR551269
ERR552320;ERR552320
ERR551538;ERR551538
ERR552846;ERR552846
ERR551468;ERR551468
ERR551469;ERR551469
ERR553138;ERR553138
ERR552317;ERR552317
ERR551900;ERR551900
ERR551462;ERR551462
ERR553056;ERR553056
ERR551294;ERR551294
ERR553194;ERR553194
ERR553195;ERR553195
ERR553153;ERR553153
ERR553152;ERR553152
ERR553139;ERR553139
ERR550650;ERR550650
ERR551638;ERR551638
ERR551637;ERR551637
ERR552586;ERR552586
ERR552585;ERR552585
ERR552982;ERR552982
ERR552983;ERR552983
ERR552090;ERR552090
ERR551266;ERR551266
ERR550997;ERR550997
ERR552591;ERR552591
ERR550876;ERR550876
ERR551479;ERR551479
ERR552030;ERR552030
ERR551302;ERR551302
ERR551856;ERR551856
ERR551917;ERR551917
ERR550689;ERR550689
ERR550878;ERR550878
ERR550820;ERR550820
ERR553245;ERR553245
ERR552608;ERR552608
ERR553109;ERR553109
ERR550877;ERR550877
ERR551476;ERR551476
ERR551703;ERR551703
ERR551342;ERR551342
ERR551343;ERR551343
ERR551130;ERR551130
ERR551131;ERR551131
ERR550651;ERR550651
ERR550652;ERR550652
ERR553169;ERR553169
ERR553168;ERR553168
ERR550742;ERR550742
ERR552852;ERR552852
ERR553188;ERR553188
ERR553189;ERR553189
ERR553190;ERR553190
ERR551691;ERR551691
ERR551498;ERR551498
ERR552292;ERR552292
ERR552334;ERR552334
ERR553341;ERR553341
ERR550803;ERR550803
ERR551355;ERR551355
ERR553240;ERR553240
ERR551001;ERR551001
ERR551163;ERR551163
ERR551323;ERR551323
ERR553100;ERR553100
ERR550702;ERR550702
ERR552872;ERR552872
ERR552873;ERR552873
ERR552874;ERR552874
ERR551756;ERR551756
ERR551473;ERR551473
ERR553257;ERR553257
ERR551402;ERR551402
ERR553008;ERR553008
ERR550954;ERR550954
ERR551144;ERR551144
ERR550760;ERR550760
ERR551669;ERR551669
ERR552571;ERR552571
ERR552569;ERR552569
ERR552570;ERR552570
ERR553331;ERR553331
ERR552167;ERR552167
ERR552012;ERR552012
ERR552011;ERR552011
ERR551593;ERR551593
ERR552742;ERR552742
ERR551002;ERR551002
ERR551046;ERR551046
ERR551656;ERR551656
ERR552903;ERR552903
ERR552338;ERR552338
ERR552613;ERR552613
ERR553208;ERR553208
ERR552438;ERR552438
ERR550789;ERR550789
ERR553307;ERR553307
ERR552525;ERR552525
ERR552114;ERR552114
ERR552384;ERR552384
ERR552383;ERR552383
ERR553368;ERR553368
ERR552061;ERR552061
ERR553052;ERR553052
ERR551660;ERR551660
ERR551659;ERR551659
ERR552795;ERR552795
ERR550686;ERR550686
ERR550925;ERR550925
ERR551405;ERR551405
ERR550793;ERR550793
ERR551233;ERR551233
ERR551234;ERR551234
ERR552694;ERR552694
ERR552256;ERR552256
ERR552266;ERR552266
ERR552501;ERR552501
ERR552500;ERR552500
ERR551727;ERR551727
ERR551726;ERR551726
ERR551923;ERR551923
ERR551922;ERR551922
ERR551305;ERR551305
ERR551304;ERR551304
ERR553163;ERR553163
ERR553161;ERR553161
ERR553162;ERR553162
ERR552708;ERR552708
ERR552709;ERR552709
ERR550735;ERR550735
ERR550736;ERR550736
ERR551409;ERR551409
ERR551410;ERR551410
ERR551268;ERR551268
ERR551368;ERR551368
ERR551934;ERR551934
ERR552062;ERR552062
ERR552831;ERR552831
ERR552459;ERR552459
ERR551327;ERR551327
ERR553238;ERR553238
ERR551916;ERR551916
ERR553065;ERR553065
ERR552752;ERR552752
ERR551664;ERR551664
ERR552063;ERR552063
ERR551008;ERR551008
ERR550769;ERR550769
ERR552773;ERR552773
ERR551335;ERR551335
ERR551876;ERR551876
ERR550790;ERR550790
ERR551270;ERR551270
ERR551958;ERR551958
ERR552092;ERR552092
ERR550797;ERR550797
ERR551271;ERR551271
ERR553336;ERR553336
ERR552975;ERR552975
ERR551859;ERR551859
ERR551394;ERR551394
ERR551814;ERR551814
ERR552626;ERR552626
ERR552625;ERR552625
ERR551780;ERR551780
ERR551781;ERR551781
ERR550786;ERR550786
ERR550787;ERR550787
ERR551645;ERR551645
ERR551644;ERR551644
ERR552214;ERR552214
ERR552601;ERR552601
ERR553043;ERR553043
ERR550986;ERR550986
ERR552175;ERR552175
ERR553075;ERR553075
ERR550710;ERR550710
ERR551349;ERR551349
ERR552268;ERR552268
ERR552233;ERR552233
ERR552054;ERR552054
ERR551783;ERR551783
ERR550617;ERR550617
ERR551238;ERR551238
ERR552027;ERR552027
ERR551837;ERR551837
ERR550948;ERR550948
ERR552948;ERR552948
ERR551632;ERR551632
ERR553219;ERR553219
ERR551732;ERR551732
ERR551243;ERR551243
ERR552183;ERR552183
ERR550840;ERR550840
ERR553346;ERR553346
ERR551598;ERR551598
ERR553160;ERR553160
ERR552904;ERR552904
ERR551050;ERR551050
ERR553235;ERR553235
ERR553255;ERR553255
ERR551533;ERR551533
ERR551631;ERR551631
ERR552581;ERR552581
ERR552665;ERR552665
ERR551426;ERR551426
ERR551483;ERR551483
ERR552499;ERR552499
ERR552498;ERR552498
ERR551714;ERR551714
ERR551420;ERR551420
ERR551867;ERR551867
ERR551793;ERR551793
ERR551795;ERR551795
ERR551794;ERR551794
ERR550908;ERR550908
ERR550906;ERR550906
ERR550907;ERR550907
ERR551499;ERR551499
ERR551500;ERR551500
ERR551501;ERR551501
ERR552164;ERR552164
ERR552165;ERR552165
ERR552711;ERR552711
ERR552712;ERR552712
ERR550926;ERR550926
ERR551741;ERR551741
ERR551912;ERR551912
ERR551357;ERR551357
ERR552535;ERR552535
ERR551779;ERR551779
ERR551633;ERR551633
ERR551552;ERR551552
ERR551580;ERR551580
ERR553301;ERR553301
ERR552465;ERR552465
ERR550875;ERR550875
ERR552130;ERR552130
ERR552186;ERR552186
ERR552897;ERR552897
ERR552896;ERR552896
ERR552099;ERR552099
ERR552098;ERR552098
ERR551435;ERR551435
ERR552142;ERR552142
ERR552144;ERR552144
ERR552143;ERR552143
ERR551380;ERR551380
ERR551381;ERR551381
ERR551295;ERR551295
ERR551296;ERR551296
ERR551244;ERR551244
ERR551690;ERR551690
ERR552449;ERR552449
ERR552881;ERR552881
ERR552697;ERR552697
ERR551562;ERR551562
ERR552920;ERR552920
ERR551811;ERR551811
ERR551809;ERR551809
ERR551810;ERR551810
ERR553340;ERR553340
ERR552816;ERR552816
ERR552814;ERR552814
ERR552815;ERR552815
ERR552106;ERR552106
ERR552105;ERR552105
ERR552609;ERR552609
ERR552970;ERR552970
ERR552971;ERR552971
ERR551925;ERR551925
ERR551926;ERR551926
ERR553137;ERR553137
ERR551106;ERR551106
ERR551558;ERR551558
ERR551556;ERR551556
ERR551557;ERR551557
ERR552447;ERR552447
ERR552446;ERR552446
ERR552607;ERR552607
ERR552606;ERR552606
ERR551877;ERR551877
ERR551878;ERR551878
ERR552950;ERR552950
ERR552951;ERR552951
ERR552215;ERR552215
ERR552217;ERR552217
ERR552216;ERR552216
ERR552123;ERR552123
ERR552122;ERR552122
ERR551986;ERR551986
ERR551987;ERR551987
ERR552347;ERR552347
ERR552346;ERR552346
ERR551429;ERR551429
ERR551428;ERR551428
ERR551767;ERR551767
ERR551768;ERR551768
ERR550642;ERR550642
ERR551884;ERR551884
ERR552985;ERR552985
ERR552511;ERR552511
ERR553112;ERR553112
ERR551486;ERR551486
ERR553079;ERR553079
ERR552567;ERR552567
ERR551433;ERR551433
ERR552059;ERR552059
ERR552280;ERR552280
ERR552715;ERR552715
ERR551072;ERR551072
ERR552976;ERR552976
ERR551742;ERR551742
ERR551778;ERR551778
ERR552884;ERR552884
ERR552630;ERR552630
ERR551149;ERR551149
ERR552863;ERR552863
ERR552353;ERR552353
ERR553174;ERR553174
ERR551116;ERR551116
ERR550871;ERR550871
ERR498391;ERR498391
ERR498392;ERR498392
ERR551022;ERR551022
ERR552578;ERR552578
ERR551350;ERR551350
ERR550835;ERR550835
ERR553359;ERR553359
ERR553062;ERR553062
ERR551358;ERR551358
ERR551080;ERR551080
ERR552326;ERR552326
ERR550974;ERR550974
ERR552315;ERR552315
ERR552582;ERR552582
ERR552960;ERR552960
ERR551695;ERR551695
ERR551911;ERR551911
ERR552006;ERR552006
ERR551662;ERR551662
ERR552372;ERR552372
ERR551389;ERR551389
ERR552686;ERR552686
ERR553016;ERR553016
ERR551406;ERR551406
ERR551738;ERR551738
ERR551737;ERR551737
ERR552413;ERR552413
ERR552412;ERR552412
ERR551735;ERR551735
ERR551736;ERR551736
ERR553179;ERR553179
ERR553178;ERR553178
ERR551284;ERR551284
ERR551952;ERR551952
ERR551951;ERR551951
ERR552301;ERR552301
ERR552302;ERR552302
ERR551466;ERR551466
ERR551467;ERR551467
ERR552918;ERR552918
ERR551990;ERR551990
ERR550704;ERR550704
ERR552066;ERR552066
ERR553225;ERR553225
ERR552722;ERR552722
ERR551862;ERR551862
ERR551861;ERR551861
ERR550830;ERR550830
ERR550829;ERR550829
ERR552545;ERR552545
ERR552546;ERR552546
ERR550838;ERR550838
ERR550837;ERR550837
ERR552398;ERR552398
ERR552399;ERR552399
ERR551787;ERR551787
ERR552602;ERR552602
ERR552007;ERR552007
ERR552008;ERR552008
ERR552269;ERR552269
ERR551375;ERR551375
ERR553084;ERR553084
ERR551236;ERR551236
ERR553136;ERR553136
ERR550936;ERR550936
ERR550709;ERR550709
ERR552827;ERR552827
ERR551902;ERR551902
ERR552155;ERR552155
ERR551041;ERR551041
ERR552639;ERR552639
ERR552402;ERR552402
ERR551989;ERR551989
ERR551282;ERR551282
ERR551117;ERR551117
ERR551065;ERR551065
ERR551110;ERR551110
ERR552528;ERR552528
ERR552871;ERR552871
ERR552207;ERR552207
ERR553280;ERR553280
ERR553287;ERR553287
ERR552691;ERR552691
ERR551893;ERR551893
ERR552759;ERR552759
ERR552657;ERR552657
ERR552804;ERR552804
ERR551663;ERR551663
ERR552835;ERR552835
ERR551267;ERR551267
ERR553159;ERR553159
ERR553048;ERR553048
ERR551225;ERR551225
ERR552290;ERR552290
ERR552178;ERR552178
ERR550957;ERR550957
ERR551657;ERR551657
ERR550700;ERR550700
ERR551763;ERR551763
ERR552564;ERR552564
ERR551868;ERR551868
ERR552680;ERR552680
ERR550678;ERR550678
ERR552856;ERR552856
ERR551761;ERR551761
ERR552866;ERR552866
ERR552757;ERR552757
ERR553271;ERR553271
ERR551505;ERR551505
ERR552335;ERR552335
ERR550938;ERR550938
ERR553055;ERR553055
ERR550924;ERR550924
ERR551273;ERR551273
ERR552126;ERR552126
ERR551933;ERR551933
ERR551374;ERR551374
ERR552058;ERR552058
ERR553202;ERR553202
ERR552761;ERR552761
ERR552085;ERR552085
ERR551602;ERR551602
ERR550773;ERR550773
ERR550772;ERR550772
ERR552978;ERR552978
ERR552977;ERR552977
ERR552931;ERR552931
ERR552932;ERR552932
ERR551528;ERR551528
ERR551527;ERR551527
ERR552973;ERR552973
ERR552974;ERR552974
ERR552244;ERR552244
ERR552245;ERR552245
ERR551016;ERR551016
ERR551015;ERR551015
ERR551087;ERR551087
ERR551413;ERR551413
ERR550630;ERR550630
ERR550714;ERR550714
ERR552820;ERR552820
ERR551993;ERR551993
ERR551840;ERR551840
ERR553199;ERR553199
ERR551013;ERR551013
ERR551188;ERR551188
ERR550755;ERR550755
ERR551434;ERR551434
ERR551849;ERR551849
ERR551463;ERR551463
ERR550745;ERR550745
ERR551974;ERR551974
ERR551973;ERR551973
ERR552322;ERR552322
ERR552321;ERR552321
ERR551360;ERR551360
ERR551361;ERR551361
ERR551362;ERR551362
ERR552683;ERR552683
ERR551351;ERR551351
ERR551301;ERR551301
ERR550811;ERR550811
ERR551490;ERR551490
ERR550865;ERR550865
ERR552168;ERR552168
ERR552212;ERR552212
ERR551842;ERR551842
ERR551388;ERR551388
ERR552177;ERR552177
ERR552391;ERR552391
ERR553119;ERR553119
ERR551077;ERR551077
ERR550846;ERR550846
ERR551277;ERR551277
ERR551415;ERR551415
ERR551078;ERR551078
ERR552355;ERR552355
ERR551097;ERR551097
ERR552272;ERR552272
ERR551458;ERR551458
ERR552385;ERR552385
ERR550628;ERR550628
ERR553231;ERR553231
ERR552943;ERR552943
ERR550791;ERR550791
ERR553374;ERR553374
ERR553158;ERR553158
ERR551441;ERR551441
ERR553239;ERR553239
ERR550921;ERR550921
ERR552727;ERR552727
ERR551627;ERR551627
ERR550660;ERR550660
ERR552013;ERR552013
ERR551608;ERR551608
ERR551025;ERR551025
ERR551229;ERR551229
ERR551170;ERR551170
ERR551018;ERR551018
ERR551196;ERR551196
ERR551612;ERR551612
ERR550969;ERR550969
ERR552379;ERR552379
ERR551029;ERR551029
ERR550947;ERR550947
ERR550946;ERR550946
ERR552271;ERR552271
ERR552477;ERR552477
ERR552828;ERR552828
ERR552706;ERR552706
ERR552583;ERR552583
ERR551520;ERR551520
ERR552882;ERR552882
ERR552883;ERR552883
ERR551091;ERR551091
ERR553332;ERR553332
ERR552832;ERR552832
ERR551105;ERR551105
ERR551104;ERR551104
ERR551063;ERR551063
ERR551062;ERR551062
ERR550895;ERR550895
ERR550894;ERR550894
ERR552226;ERR552226
ERR552225;ERR552225
ERR550980;ERR550980
ERR550981;ERR550981
ERR551582;ERR551582
ERR551581;ERR551581
ERR550713;ERR550713
ERR550784;ERR550784
ERR550785;ERR550785
ERR551232;ERR551232
ERR553098;ERR553098
ERR553097;ERR553097
ERR551910;ERR551910
ERR551909;ERR551909
ERR552638;ERR552638
ERR550761;ERR550761
ERR551908;ERR551908
ERR550796;ERR550796
ERR552137;ERR552137
ERR552957;ERR552957
ERR551252;ERR551252
ERR550699;ERR550699
ERR552227;ERR552227
ERR552436;ERR552436
ERR552145;ERR552145
ERR550746;ERR550746
ERR551344;ERR551344
ERR552811;ERR552811
ERR553387;ERR553387
ERR551733;ERR551733
ERR551988;ERR551988
ERR551825;ERR551825
ERR551594;ERR551594
ERR552464;ERR552464
ERR551030;ERR551030
ERR551968;ERR551968
ERR550747;ERR550747
ERR552861;ERR552861
ERR550935;ERR550935
ERR551047;ERR551047
ERR552892;ERR552892
ERR552758;ERR552758
ERR552945;ERR552945
ERR552378;ERR552378
ERR552263;ERR552263
ERR551784;ERR551784
ERR553088;ERR553088
ERR552923;ERR552923
ERR552880;ERR552880
ERR553150;ERR553150
ERR552264;ERR552264
ERR553120;ERR553120
ERR552055;ERR552055
ERR552988;ERR552988
ERR551275;ERR551275
ERR551886;ERR551886
ERR552543;ERR552543
ERR552382;ERR552382
ERR552703;ERR552703
ERR550839;ERR550839
ERR553077;ERR553077
ERR553227;ERR553227
ERR551661;ERR551661
ERR553203;ERR553203
ERR552146;ERR552146
ERR552128;ERR552128
ERR551286;ERR551286
ERR553003;ERR553003
ERR553033;ERR553033
ERR553310;ERR553310
ERR551774;ERR551774
ERR553005;ERR553005
ERR552394;ERR552394
ERR551614;ERR551614
ERR550632;ERR550632
ERR552316;ERR552316
ERR552278;ERR552278
ERR552547;ERR552547
ERR551395;ERR551395
ERR552862;ERR552862
ERR551679;ERR551679
ERR552512;ERR552512
ERR551160;ERR551160
ERR551120;ERR551120
ERR551382;ERR551382
ERR552381;ERR552381
ERR550629;ERR550629
ERR552857;ERR552857
ERR553283;ERR553283
ERR552721;ERR552721
ERR550661;ERR550661
ERR552749;ERR552749
ERR551607;ERR551607
ERR552235;ERR552235
ERR552912;ERR552912
ERR551459;ERR551459
ERR553069;ERR553069
ERR551497;ERR551497
ERR551718;ERR551718
ERR551026;ERR551026
ERR551606;ERR551606
ERR551776;ERR551776
ERR551775;ERR551775
ERR551777;ERR551777
ERR551646;ERR551646
ERR553089;ERR553089
ERR552460;ERR552460
ERR552096;ERR552096
ERR553155;ERR553155
ERR551125;ERR551125
ERR551183;ERR551183
ERR552624;ERR552624
ERR553294;ERR553294
ERR551828;ERR551828
ERR551829;ERR551829
ERR551750;ERR551750
ERR551749;ERR551749
ERR551748;ERR551748
ERR551670;ERR551670
ERR553039;ERR553039
ERR552020;ERR552020
ERR552717;ERR552717
ERR553090;ERR553090
ERR551573;ERR551573
ERR553254;ERR553254
ERR550795;ERR550795
ERR552025;ERR552025
ERR551752;ERR551752
ERR552645;ERR552645
ERR552646;ERR552646
ERR550978;ERR550978
ERR553373;ERR553373
ERR550711;ERR550711
ERR552688;ERR552688
ERR552914;ERR552914
ERR552057;ERR552057
ERR550774;ERR550774
ERR552018;ERR552018
ERR552461;ERR552461
ERR551481;ERR551481
ERR551672;ERR551672
ERR550944;ERR550944
ERR552359;ERR552359
ERR551274;ERR551274
ERR552788;ERR552788
ERR552154;ERR552154
ERR553256;ERR553256
ERR553078;ERR553078
ERR553223;ERR553223
ERR551396;ERR551396
ERR551098;ERR551098
ERR551487;ERR551487
ERR551712;ERR551712
ERR553266;ERR553266
ERR551813;ERR551813
ERR551720;ERR551720
ERR551272;ERR551272
ERR552544;ERR552544
ERR551322;ERR551322
ERR551096;ERR551096
ERR551157;ERR551157
ERR552587;ERR552587
ERR550696;ERR550696
ERR552850;ERR552850
ERR553392;ERR553392
ERR551754;ERR551754
ERR551959;ERR551959
ERR551960;ERR551960
ERR551948;ERR551948
ERR551949;ERR551949
ERR552704;ERR552704
ERR552294;ERR552294
ERR552730;ERR552730
ERR551579;ERR551579
ERR551390;ERR551390
ERR551901;ERR551901
ERR551655;ERR551655
ERR552980;ERR552980
ERR551495;ERR551495
ERR551496;ERR551496
ERR552042;ERR552042
ERR552041;ERR552041
ERR553051;ERR553051
ERR553050;ERR553050
ERR552791;ERR552791
ERR552790;ERR552790
ERR551121;ERR551121
ERR552300;ERR552300
ERR551084;ERR551084
ERR551303;ERR551303
ERR552043;ERR552043
ERR552737;ERR552737
ERR551883;ERR551883
ERR551574;ERR551574
ERR553362;ERR553362
ERR551186;ERR551186
ERR552858;ERR552858
ERR551541;ERR551541
ERR550825;ERR550825
ERR552060;ERR552060
ERR551346;ERR551346
ERR551753;ERR551753
ERR550892;ERR550892
ERR550893;ERR550893
ERR552611;ERR552611
ERR552610;ERR552610
ERR550730;ERR550730
ERR552490;ERR552490
ERR552375;ERR552375
ERR551356;ERR551356
ERR552577;ERR552577
ERR552812;ERR552812
ERR553023;ERR553023
ERR553022;ERR553022
ERR550633;ERR550633
ERR551539;ERR551539
ERR551540;ERR551540
ERR551719;ERR551719
ERR553036;ERR553036
ERR552345;ERR552345
ERR552276;ERR552276
ERR552597;ERR552597
ERR551012;ERR551012
ERR550767;ERR550767
ERR550685;ERR550685
ERR550684;ERR550684
ERR550848;ERR550848
ERR550849;ERR550849
ERR551715;ERR551715
ERR551460;ERR551460
ERR551461;ERR551461
ERR552458;ERR552458
ERR552457;ERR552457
ERR550914;ERR550914
ERR550915;ERR550915
ERR552510;ERR552510
ERR552509;ERR552509
ERR551478;ERR551478
ERR551477;ERR551477
ERR552248;ERR552248
ERR552724;ERR552724
ERR550890;ERR550890
ERR550891;ERR550891
ERR552047;ERR552047
ERR551802;ERR551802
ERR552367;ERR552367
ERR498376;ERR498376
ERR498375;ERR498375
ERR550806;ERR550806
ERR550807;ERR550807
ERR552080;ERR552080
ERR552079;ERR552079
ERR552410;ERR552410
ERR552409;ERR552409
ERR551159;ERR551159
ERR551684;ERR551684
ERR550828;ERR550828
ERR550802;ERR550802
ERR551874;ERR551874
ERR550983;ERR550983
ERR551114;ERR551114
ERR552076;ERR552076
ERR551064;ERR551064
ERR551345;ERR551345
ERR552091;ERR552091
ERR550818;ERR550818
ERR552568;ERR552568
ERR553068;ERR553068
ERR552559;ERR552559
ERR552561;ERR552561
ERR552560;ERR552560
ERR551957;ERR551957
ERR551956;ERR551956
ERR552940;ERR552940
ERR552939;ERR552939
ERR551894;ERR551894
ERR551895;ERR551895
ERR552065;ERR552065
ERR552064;ERR552064
ERR550928;ERR550928
ERR550929;ERR550929
ERR552926;ERR552926
ERR552927;ERR552927
ERR550880;ERR550880
ERR551586;ERR551586
ERR552653;ERR552653
ERR552652;ERR552652
ERR552693;ERR552693
ERR551827;ERR551827
ERR551826;ERR551826
ERR552519;ERR552519
ERR552520;ERR552520
ERR551964;ERR551964
ERR552924;ERR552924
ERR552504;ERR552504
ERR552503;ERR552503
ERR552687;ERR552687
ERR551000;ERR551000
ERR550999;ERR550999
ERR551397;ERR551397
ERR553019;ERR553019
ERR550821;ERR550821
ERR553180;ERR553180
ERR553181;ERR553181
ERR552293;ERR552293
ERR552274;ERR552274
ERR550960;ERR550960
ERR550961;ERR550961
ERR551947;ERR551947
ERR551946;ERR551946
ERR552681;ERR552681
ERR552682;ERR552682
ERR552966;ERR552966
ERR551251;ERR551251
ERR551250;ERR551250
ERR551816;ERR551816
ERR551815;ERR551815
ERR552834;ERR552834
ERR552833;ERR552833
ERR552628;ERR552628
ERR552014;ERR552014
ERR552953;ERR552953
ERR551455;ERR551455
ERR551596;ERR551596
ERR551595;ERR551595
ERR553038;ERR553038
ERR551723;ERR551723
ERR552028;ERR552028
ERR551616;ERR551616
ERR551771;ERR551771
ERR551770;ERR551770
ERR551841;ERR551841
ERR551279;ERR551279
ERR552868;ERR552868
ERR552428;ERR552428
ERR551504;ERR551504
ERR551822;ERR551822
ERR551821;ERR551821
ERR552781;ERR552781
ERR552418;ERR552418
ERR552417;ERR552417
ERR550620;ERR550620
ERR552819;ERR552819
ERR552818;ERR552818
ERR552770;ERR552770
ERR550950;ERR550950
ERR550949;ERR550949
ERR551259;ERR551259
ERR551258;ERR551258
ERR551526;ERR551526
ERR551245;ERR551245
ERR553171;ERR553171
ERR553066;ERR553066
ERR553049;ERR553049
ERR551340;ERR551340
ERR550618;ERR550618
ERR551103;ERR551103
ERR551898;ERR551898
ERR551931;ERR551931
ERR552656;ERR552656
ERR553276;ERR553276
ERR552508;ERR552508
ERR552705;ERR552705
ERR551143;ERR551143
ERR550768;ERR550768
ERR552513;ERR552513
ERR552514;ERR552514
ERR553262;ERR553262
ERR553381;ERR553381
ERR551442;ERR551442
ERR551522;ERR551522
ERR550856;ERR550856
ERR551300;ERR551300
ERR552373;ERR552373
ERR552374;ERR552374
ERR552299;ERR552299
ERR550805;ERR550805
ERR550759;ERR550759
ERR551518;ERR551518
ERR550676;ERR550676
ERR550675;ERR550675
ERR551099;ERR551099
ERR551100;ERR551100
ERR552805;ERR552805
ERR552663;ERR552663
ERR553149;ERR553149
ERR550951;ERR550951
ERR552166;ERR552166
ERR552218;ERR552218
ERR552350;ERR552350
ERR551291;ERR551291
ERR551213;ERR551213
ERR550695;ERR550695
ERR551936;ERR551936
ERR550731;ERR550731
ERR550733;ERR550733
ERR550732;ERR550732
ERR551417;ERR551417
ERR551418;ERR551418
ERR552009;ERR552009
ERR551834;ERR551834
ERR551940;ERR551940
ERR552100;ERR552100
ERR552944;ERR552944
ERR551696;ERR551696
ERR550776;ERR550776
ERR551260;ERR551260
ERR550621;ERR550621
ERR552969;ERR552969
ERR552443;ERR552443
ERR552442;ERR552442
ERR552600;ERR552600
ERR551094;ERR551094
ERR551806;ERR551806
ERR551805;ERR551805
ERR551804;ERR551804
ERR551510;ERR551510
ERR551509;ERR551509
ERR552734;ERR552734
ERR552733;ERR552733
ERR550897;ERR550897
ERR550896;ERR550896
ERR552354;ERR552354
ERR553394;ERR553394
ERR553393;ERR553393
ERR551824;ERR551824
ERR551132;ERR551132
ERR551133;ERR551133
ERR551624;ERR551624
ERR551623;ERR551623
ERR552839;ERR552839
ERR552209;ERR552209
ERR550737;ERR550737
ERR551747;ERR551747
ERR551158;ERR551158
ERR552291;ERR552291
ERR550862;ERR550862
ERR550845;ERR550845
ERR553265;ERR553265
ERR552615;ERR552615
ERR552286;ERR552286
ERR552287;ERR552287
ERR551962;ERR551962
ERR551985;ERR551985
ERR551984;ERR551984
ERR552642;ERR552642
ERR552538;ERR552538
ERR553061;ERR553061
ERR552771;ERR552771
ERR552772;ERR552772
ERR552603;ERR552603
ERR552604;ERR552604
ERR551888;ERR551888
ERR551887;ERR551887
ERR551918;ERR551918
ERR551919;ERR551919
ERR551600;ERR551600
ERR551599;ERR551599
ERR552433;ERR552433
ERR552434;ERR552434
ERR552719;ERR552719
ERR552718;ERR552718
ERR551667;ERR551667
ERR551668;ERR551668
ERR551643;ERR551643
ERR551642;ERR551642
ERR551731;ERR551731
ERR551730;ERR551730
ERR552677;ERR552677
ERR552148;ERR552148
ERR552147;ERR552147
ERR551844;ERR551844
ERR551845;ERR551845
ERR550656;ERR550656
ERR550692;ERR550692
ERR551546;ERR551546
ERR551007;ERR551007
ERR552107;ERR552107
ERR551326;ERR551326
ERR551152;ERR551152
ERR551576;ERR551576
ERR552324;ERR552324
ERR895346;ERR895346
ERR550995;ERR550995
ERR551372;ERR551372
ERR551373;ERR551373
ERR550688;ERR550688
ERR553143;ERR553143
ERR552336;ERR552336
ERR551999;ERR551999
ERR551115;ERR551115
ERR553232;ERR553232
ERR551564;ERR551564
ERR553299;ERR553299
ERR552699;ERR552699
ERR552661;ERR552661
ERR552660;ERR552660
ERR551191;ERR551191
ERR552342;ERR552342
ERR552341;ERR552341
ERR552793;ERR552793
ERR552794;ERR552794
ERR551321;ERR551321
ERR551320;ERR551320
ERR550743;ERR550743
ERR550744;ERR550744
ERR550667;ERR550667
ERR550669;ERR550669
ERR550668;ERR550668
ERR551211;ERR551211
ERR551210;ERR551210
ERR550778;ERR550778
ERR550777;ERR550777
ERR550779;ERR550779
ERR550989;ERR550989
ERR550988;ERR550988
ERR550990;ERR550990
ERR552531;ERR552531
ERR552532;ERR552532
ERR552530;ERR552530
ERR551971;ERR551971
ERR550635;ERR550635
ERR552946;ERR552946
ERR550853;ERR550853
ERR553175;ERR553175
ERR550817;ERR550817
ERR551312;ERR551312
ERR551119;ERR551119
ERR550708;ERR550708
ERR551873;ERR551873
ERR551871;ERR551871
ERR552851;ERR552851
ERR551798;ERR551798
ERR551797;ERR551797
ERR550748;ERR550748
ERR550749;ERR550749
ERR550841;ERR550841
ERR550842;ERR550842
ERR551437;ERR551437
ERR551436;ERR551436
ERR551377;ERR551377
ERR551379;ERR551379
ERR551378;ERR551378
ERR550649;ERR550649
ERR550648;ERR550648
ERR553192;ERR553192
ERR553191;ERR553191
ERR551532;ERR551532
ERR551648;ERR551648
ERR551649;ERR551649
ERR552631;ERR552631
ERR552632;ERR552632
ERR553086;ERR553086
ERR552033;ERR552033
ERR552032;ERR552032
ERR553184;ERR553184
ERR553183;ERR553183
ERR551996;ERR551996
ERR551994;ERR551994
ERR551995;ERR551995
ERR550706;ERR550706
ERR550707;ERR550707
ERR551431;ERR551431
ERR551432;ERR551432
ERR551108;ERR551108
ERR551109;ERR551109
ERR551745;ERR551745
ERR551744;ERR551744
ERR551743;ERR551743
ERR552068;ERR552068
ERR552067;ERR552067
ERR552190;ERR552190
ERR551385;ERR551385
ERR551384;ERR551384
ERR551020;ERR551020
ERR551019;ERR551019
ERR551464;ERR551464
ERR551465;ERR551465
ERR552842;ERR552842
ERR552841;ERR552841
ERR550770;ERR550770
ERR550771;ERR550771
ERR552595;ERR552595
ERR551198;ERR551198
ERR551061;ERR551061
ERR551009;ERR551009
ERR551058;ERR551058
ERR551796;ERR551796
ERR552153;ERR552153
ERR550943;ERR550943
ERR552156;ERR552156
ERR553327;ERR553327
ERR551708;ERR551708
ERR551707;ERR551707
ERR551128;ERR551128
ERR551129;ERR551129
ERR551052;ERR551052
ERR551051;ERR551051
ERR552750;ERR552750
ERR552674;ERR552674
ERR552229;ERR552229
ERR551165;ERR551165
ERR553167;ERR553167
ERR553034;ERR553034
ERR550801;ERR550801
ERR551860;ERR551860
ERR551348;ERR551348
ERR553309;ERR553309
ERR552826;ERR552826
ERR552072;ERR552072
ERR550672;ERR550672
ERR552999;ERR552999
ERR552401;ERR552401
ERR552400;ERR552400
ERR552358;ERR552358
ERR550664;ERR550664
ERR550663;ERR550663
ERR551945;ERR551945
ERR551943;ERR551943
ERR551944;ERR551944
ERR550682;ERR550682
ERR550681;ERR550681
ERR550683;ERR550683
ERR552738;ERR552738
ERR552739;ERR552739
ERR551352;ERR551352
ERR551353;ERR551353
ERR550722;ERR550722
ERR552258;ERR552258
ERR552257;ERR552257
ERR553198;ERR553198
ERR553197;ERR553197
ERR550763;ERR550763
ERR550762;ERR550762
ERR551447;ERR551447
ERR553135;ERR553135
ERR552644;ERR552644
ERR552756;ERR552756
ERR551366;ERR551366
ERR552649;ERR552649
ERR553267;ERR553267
ERR551762;ERR551762
ERR552713;ERR552713
ERR552539;ERR552539
ERR552180;ERR552180
ERR551864;ERR551864
ERR553259;ERR553259
ERR552744;ERR552744
ERR553390;ERR553390
ERR550673;ERR550673
ERR551503;ERR551503
ERR552716;ERR552716
ERR551658;ERR551658
ERR550810;ERR550810
ERR552762;ERR552762
ERR550844;ERR550844
ERR550662;ERR550662
ERR550965;ERR550965
ERR552837;ERR552837
ERR550991;ERR550991
ERR552541;ERR552541
ERR551482;ERR551482
ERR553091;ERR553091
ERR551818;ERR551818
ERR552205;ERR552205
ERR551297;ERR551297
ERR551565;ERR551565
ERR552803;ERR552803
ERR551872;ERR551872
ERR552476;ERR552476
ERR553102;ERR553102
ERR552298;ERR552298
ERR552297;ERR552297
ERR552741;ERR552741
ERR552740;ERR552740
ERR552112;ERR552112
ERR552111;ERR552111
ERR551992;ERR551992
ERR552390;ERR552390
ERR552389;ERR552389
ERR552955;ERR552955
ERR552956;ERR552956
ERR553311;ERR553311
ERR550910;ERR550910
ERR552203;ERR552203
ERR552524;ERR552524
ERR552995;ERR552995
ERR551042;ERR551042
ERR553193;ERR553193
ERR552388;ERR552388
ERR552270;ERR552270
ERR551220;ERR551220
ERR551221;ERR551221
ERR553246;ERR553246
ERR553247;ERR553247
ERR551142;ERR551142
ERR551141;ERR551141
ERR551592;ERR551592
ERR551591;ERR551591
ERR551515;ERR551515
ERR551514;ERR551514
ERR551516;ERR551516
ERR552580;ERR552580
ERR550809;ERR550809
ERR550808;ERR550808
ERR551634;ERR551634
ERR551635;ERR551635
ERR550956;ERR550956
ERR552810;ERR552810
ERR551559;ERR551559
ERR551127;ERR551127
ERR550717;ERR550717
ERR552860;ERR552860
ERR551603;ERR551603
ERR551604;ERR551604
ERR551365;ERR551365
ERR552102;ERR552102
ERR552101;ERR552101
ERR551293;ERR551293
ERR553308;ERR553308
ERR551889;ERR551889
ERR553113;ERR553113
ERR552584;ERR552584
ERR553339;ERR553339
ERR551954;ERR551954
ERR551224;ERR551224
ERR553388;ERR553388
ERR553249;ERR553249
ERR552202;ERR552202
ERR552110;ERR552110
ERR551290;ERR551290
ERR552419;ERR552419
ERR552441;ERR552441
ERR550812;ERR550812
ERR551701;ERR551701
ERR552933;ERR552933
ERR552937;ERR552937
ERR552517;ERR552517
ERR551611;ERR551611
ERR551610;ERR551610
ERR552774;ERR552774
ERR553333;ERR553333
ERR551145;ERR551145
ERR551430;ERR551430
ERR552483;ERR552483
SAMN03648526;SRR2101279
SAMN03648547;SRR2101300
SAMN03648548;SRR2101301
SAMN03648549;SRR2101302
SAMN03648550;SRR2101303
SAMN03648551;SRR2101304
SAMN03648552;SRR2101305
SAMN03648553;SRR2101306
SAMN03648554;SRR2101307
SAMN03648555;SRR2101308
SAMN03648556;SRR2101309
SAMN03648557;SRR2101310
SAMN03648558;SRR2101311
SAMN03648559;SRR2101312
SAMN03648560;SRR2101313
SAMN03648561;SRR2101314
SAMN03648562;SRR2101315
SAMN03648563;SRR2101316
SAMN03648564;SRR2101317
SAMN03648565;SRR2101318
SAMN03648566;SRR2101319
SAMN03648569;SRR2101322
SAMN03648577;SRR2101330
SAMN03648578;SRR2101331
SAMN03648579;SRR2101332
SAMN03648580;SRR2101333
SAMN03648581;SRR2101334
SAMN03648582;SRR2101335
SAMN03648583;SRR2101336
SAMN03648584;SRR2101337
SAMN03648585;SRR2101338
SAMN03648586;SRR2101339
SAMN03648587;SRR2101340
SAMN03648588;SRR2101341
SAMN03648589;SRR2101342
SAMN03648590;SRR2101343
SAMN03648591;SRR2101344
SAMN03648599;SRR2101352
SAMN03648600;SRR2101353
SAMN03648601;SRR2101354
SAMN03648603;SRR2101356
SAMN03648604;SRR2101357
SAMN03648605;SRR2101358
SAMN03648606;SRR2101359
SAMN03648608;SRR2101361
SAMN03648609;SRR2101362
SAMN03648610;SRR2101363
SAMN03648611;SRR2101364
SAMN03648612;SRR2101365
SAMN03648613;SRR2101366
SAMN03648614;SRR2101367
SAMN03648615;SRR2101368
SAMN03648616;SRR2101369
SAMN03648617;SRR2101370
SAMN03648618;SRR2101371
SAMN03648619;SRR2101372
SAMN03648620;SRR2101373
SAMN03648621;SRR2101374
SAMN03648622;SRR2101375
SAMN03648624;SRR2101377
SAMN03648627;SRR2101380
SAMN03648628;SRR2101381
SAMN03648629;SRR2101382
SAMN03648632;SRR2101385
SAMN03648634;SRR2101387
SAMN03648635;SRR2101388
SAMN03648638;SRR2101391
SAMN03648639;SRR2101392
SAMN03648640;SRR2101393
SAMN03648641;SRR2101394
SAMN03648643;SRR2101396
SAMN03648644;SRR2101397
SAMN03648645;SRR2101398
SAMN03648646;SRR2101399
SAMN03648647;SRR2101400
SAMN03648648;SRR2101401
SAMN03648649;SRR2101402
SAMN03648651;SRR2101404
SAMN03648653;SRR2101406
SAMN03648655;SRR2101408
SAMN03648657;SRR2101410
SAMN03648661;SRR2101414
SAMN03648662;SRR2101415
SAMN03648665;SRR2101418
SAMN03648666;SRR2101419
SAMN03648668;SRR2101421
SAMN03648669;SRR2101422
SAMN03648670;SRR2101423
SAMN03648672;SRR2101425
SAMN03648674;SRR2101427
SAMN03648675;SRR2101428
SAMN03648676;SRR2101429
SAMN03648678;SRR2101431
SAMN03648679;SRR2101432
SAMN03648680;SRR2101433
SAMN03648681;SRR2101434
SAMN03648682;SRR2101435
SAMN03648683;SRR2101436
SAMN03648684;SRR2101437
SAMN03648686;SRR2101439
SAMN03648688;SRR2101441
SAMN03648689;SRR2101442
SAMN03648691;SRR2101444
SAMN03648692;SRR2101445
SAMN03648693;SRR2101446
SAMN03648694;SRR2101447
SAMN03648695;SRR2101448
SAMN03648696;SRR2101449
SAMN03648697;SRR2101450
SAMN03648700;SRR2101453
SAMN03648702;SRR2101455
SAMN03648703;SRR2101456
SAMN03648704;SRR2101457
SAMN03648705;SRR2101458
SAMN03648707;SRR2101460
SAMN03648708;SRR2101461
SAMN03648710;SRR2101463
SAMN03648711;SRR2101464
SAMN03648712;SRR2101465
SAMN03648713;SRR2101466
SAMN03648714;SRR2101467
SAMN03648715;SRR2101468
SAMN03648716;SRR2101469
SAMN03648718;SRR2101471
SAMN03648719;SRR2101472
SAMN03648721;SRR2101474
SAMN03648722;SRR2101475
SAMN03648723;SRR2101476
SAMN03648724;SRR2101477
SAMN03648725;SRR2101478
SAMN03648726;SRR2101479
SAMN03648727;SRR2101480
SAMN03648728;SRR2101481
SAMN03648729;SRR2101482
SAMN03648730;SRR2101483
SAMN03648731;SRR2101484
SAMN03648732;SRR2101485
SAMN03648733;SRR2101486
SAMN03648734;SRR2101487
SAMN03648735;SRR2101488
SAMN03648736;SRR2101489
SAMN03648737;SRR2101490
SAMN03648738;SRR2101491
SAMN03648739;SRR2101492
SAMN03648740;SRR2101493
SAMN03648741;SRR2101494
SAMN03648742;SRR2101495
SAMN03648743;SRR2101496
SAMN03648744;SRR2101497
SAMN03648745;SRR2101498
SAMN03648747;SRR2101500
SAMN03648748;SRR2101501
SAMN03648749;SRR2101502
SAMN03648750;SRR2101503
SAMN03648751;SRR2101504
SAMN03648752;SRR2101505
SAMN03648754;SRR2101507
SAMN03648755;SRR2101508
SAMN03648756;SRR2101509
SAMN03648757;SRR2101510
SAMN03648758;SRR2101511
SAMN03648759;SRR2101512
SAMN03648760;SRR2101513
SAMN03648762;SRR2101515
SAMN03648763;SRR2101516
SAMN03648764;SRR2101517
SAMN03648765;SRR2101518
SAMN03648766;SRR2101519
SAMN03648767;SRR2101520
SAMN03648768;SRR2101521
SAMN03648769;SRR2101522
SAMN03648770;SRR2101523
SAMN03648771;SRR2101524
SAMN03648772;SRR2101525
SAMN03648773;SRR2101526
SAMN03648774;SRR2101527
SAMN03648775;SRR2101528
SAMN03648776;SRR2101529
SAMN03648777;SRR2101530
SAMN03648778;SRR2101531
SAMN03648779;SRR2101532
SAMN03648780;SRR2101533
SAMN03648781;SRR2101534
SAMN03648784;SRR2101537
SAMN03648785;SRR2101538
SAMN03648786;SRR2101539
SAMN03648787;SRR2101540
SAMN03648788;SRR2101541
SAMN03648789;SRR2101542
SAMN03648791;SRR2101544
SAMN03648792;SRR2101545
SAMN03648794;SRR2101547
SAMN03648795;SRR2101548
SAMN03648797;SRR2101550
SAMN03648799;SRR2101552
SAMN03648800;SRR2101553
SAMN03648801;SRR2101554
SAMN03648802;SRR2101555
SAMN03648803;SRR2101556
SAMN03648804;SRR2101557
SAMN03648806;SRR2101559
SAMN03648807;SRR2101560
SAMN03648808;SRR2101561
SAMN03648809;SRR2101562
SAMN03648812;SRR2101565
SAMN03648814;SRR2101567
SAMN03648815;SRR2101568
SAMN03648816;SRR2101569
SAMN03648817;SRR2101570
SAMN03648818;SRR2101571
SAMN03648819;SRR2101572
SAMN03648821;SRR2101574
SAMN03648822;SRR2101575
SAMN03648823;SRR2101576
SAMN03648824;SRR2101577
SAMN03648825;SRR2101578
SAMN03648826;SRR2101579
SAMN03648828;SRR2101581
SAMN03648830;SRR2101583
SAMN03648831;SRR2101584
SAMN03648832;SRR2101585
SAMN03648835;SRR2101588
SAMN03648837;SRR2101590
SAMN03648838;SRR2101591
SAMN03648839;SRR2101592
SAMN03648840;SRR2101593
SAMN03648841;SRR2101594
SAMN03648842;SRR2101595
SAMN03648843;SRR2101596
SAMN03648844;SRR2101597
SAMN03648845;SRR2101598
SAMN03648846;SRR2101599
SAMN03648847;SRR2101600
SAMN03648848;SRR2101601
SAMN03648849;SRR2101602
SAMN03648850;SRR2101603
SAMN03648851;SRR2101604
SAMN03648852;SRR2101605
SAMN03648853;SRR2101606
SAMN03648855;SRR2101608
SAMN03648856;SRR2101609
SAMN03648857;SRR2101610
SAMN03648858;SRR2101611
SAMN03648859;SRR2101612
SAMN03648860;SRR2101613
SAMN03648861;SRR2101614
SAMN03648862;SRR2101615
SAMN03648863;SRR2101616
SAMN03648864;SRR2101617
SAMN03648865;SRR2101618
SAMN03648866;SRR2101619
SAMN03648867;SRR2101620
SAMN03648868;SRR2101621
SAMN03648869;SRR2101622
SAMN03648870;SRR2101623
SAMN03648871;SRR2101624
SAMN03648872;SRR2101625
SAMN03648873;SRR2101626
SAMN03648874;SRR2101627
SAMN03648875;SRR2101628
SAMN03648876;SRR2101629
SAMN03648877;SRR2101630
SAMN03648878;SRR2101631
SAMN03648879;SRR2101632
SAMN03648880;SRR2101633
SAMN03648881;SRR2101634
SAMN03648882;SRR2101635
SAMN03648883;SRR2101636
SAMN03648884;SRR2101637
SAMN03648885;SRR2101638
SAMN03648886;SRR2101639
SAMN03648887;SRR2101640
SAMN03648888;SRR2101641
SAMN03648889;SRR2101642
SAMN03648890;SRR2101643
SAMN03648891;SRR2101644
SAMN03648892;SRR2101645
SAMN03648893;SRR2101646
SAMN03648894;SRR2101647
SAMN03648895;SRR2101648
SAMN03648896;SRR2101649
SAMN03648897;SRR2101650
SAMN03648898;SRR2101651
SAMN03648899;SRR2101652
SAMN03648900;SRR2101653
SAMN03648901;SRR2101654
SAMN03648902;SRR2101655
SAMN03648903;SRR2101656
SAMN03648904;SRR2101657
SAMN03648905;SRR2101658
SAMN03648906;SRR2101659
SAMN03648907;SRR2101660
SAMN03648908;SRR2101661
SAMN03648909;SRR2101662
SAMN03648910;SRR2101663
SAMN03648911;SRR2101664
SAMN03648912;SRR2101665
SAMN03648913;SRR2101666
SAMN03648914;SRR2101667
SAMN03648915;SRR2101668
SAMN03648916;SRR2101669
SAMN03648917;SRR2101670
SAMN03648918;SRR2101671
SAMN03648919;SRR2101672
SAMN03648920;SRR2101673
SAMN03648921;SRR2101674
SAMN03648922;SRR2101675
SAMN03648923;SRR2101676
SAMN03648924;SRR2101677
SAMN03648925;SRR2101678
SAMN03648926;SRR2101679
SAMN03648927;SRR2101680
SAMN03648928;SRR2101681
SAMN03648929;SRR2101682
SAMN03648930;SRR2101683
SAMN03648931;SRR2101684
SAMN03648932;SRR2101685
SAMN03648933;SRR2101686
SAMN03648934;SRR2101687
SAMN03648935;SRR2101688
SAMN03648936;SRR2101689
SAMN03648937;SRR2101690
SAMN03648938;SRR2101691
SAMN03648939;SRR2101692
SAMN03648940;SRR2101693
SAMN03648941;SRR2101694
SAMN03648942;SRR2101695
SAMN03648943;SRR2101696
SAMN03648944;SRR2101697
SAMN03648945;SRR2101698
SAMN03648946;SRR2101699
SAMN03648947;SRR2101700
SAMN03648948;SRR2101701
SAMN03648949;SRR2101702
SAMN03648950;SRR2101703
SAMN03648951;SRR2101704
SAMN03648952;SRR2101705
SAMN03648953;SRR2101706
SAMN03648954;SRR2101707
SAMN03648955;SRR2101708
SAMN03648956;SRR2101709
SAMN03648957;SRR2101710
SAMN03648958;SRR2101711
SAMN03648959;SRR2101712
SAMN03648960;SRR2101713
SAMN03648961;SRR2101714
SAMN03648962;SRR2101715
SAMN03648963;SRR2101716
SAMN03648964;SRR2101717
SAMN03648965;SRR2101718
SAMN03648966;SRR2101719
SAMN03648967;SRR2101720
SAMN03648968;SRR2101721
SAMN03648969;SRR2101722
SAMN03648970;SRR2101723
SAMN03648971;SRR2101724
SAMN03648972;SRR2101725
SAMN03648973;SRR2101726
SAMN03648974;SRR2101727
SAMN03648975;SRR2101728
SAMN03648976;SRR2101729
SAMN03648977;SRR2101730
SAMN03648978;SRR2101731
SAMN03648979;SRR2101732
SAMN03648980;SRR2101733
SAMN03648981;SRR2101734
SAMN03648982;SRR2101735
SAMN03648983;SRR2101736
SAMN03648984;SRR2101737
SAMN03648985;SRR2101738
SAMN03648986;SRR2101739
SAMN03648987;SRR2101740
SAMN03648988;SRR2101741
SAMN03648989;SRR2101742
SAMN03648990;SRR2101743
SAMN03648991;SRR2101744
SAMN03648992;SRR2101745
SAMN03648993;SRR2101746
SAMN03648994;SRR2101747
SAMN03648995;SRR2101748
SAMN03648996;SRR2101749
SAMN03648997;SRR2101750
SAMN03648998;SRR2101751
SAMN03648999;SRR2101752
SAMN03649000;SRR2101753
SAMN03649001;SRR2101754
SAMN03649002;SRR2101755
SAMN03649003;SRR2101756
SAMN03649004;SRR2101757
SAMN03649005;SRR2101758
SAMN03649006;SRR2101759
SAMN03649007;SRR2101760
SAMN03649008;SRR2101761
SAMN03649009;SRR2101762
SAMN03649010;SRR2101763
SAMN03649011;SRR2101764
SAMN03649012;SRR2101765
SAMN03649013;SRR2101766
SAMN03649014;SRR2101767
SAMN03649015;SRR2101768
SAMN03649016;SRR2101769
SAMN03649017;SRR2101770
SAMN03649018;SRR2101771
SAMN03649019;SRR2101772
SAMN03649020;SRR2101773
SAMN03649021;SRR2101774
SAMN03649022;SRR2101775
SAMN03649023;SRR2101776
SAMN03649024;SRR2101777
SAMN03649025;SRR2101778
SAMN03649026;SRR2101779
SAMN03649027;SRR2101780
SAMN03649028;SRR2101781
SAMN03649029;SRR2101782
SAMN03649030;SRR2101783
SAMN03649031;SRR2101784
SAMN03649032;SRR2101785
SAMN03649033;SRR2101786
SAMN03649034;SRR2101787
SAMN03649035;SRR2101788
SAMN03649036;SRR2101789
SAMN03649037;SRR2101790
SAMN03649038;SRR2101791
SAMN03649039;SRR2101792
SAMN03649040;SRR2101793
SAMN03649041;SRR2101794
SAMN03649042;SRR2101795
SAMN03649043;SRR2101796
SAMN03649044;SRR2101797
SAMN03649045;SRR2101798
SAMN03649046;SRR2101799
SAMN03649047;SRR2101800
SAMN03649048;SRR2101801
SAMN03649049;SRR2101802
SAMN03649050;SRR2101803
SAMN03649051;SRR2101804
SAMN03649052;SRR2101805
SAMN03649053;SRR2101806
SAMN03649054;SRR2101807
SAMN03649055;SRR2101808
SAMN03649056;SRR2101809
SAMN03649057;SRR2101810
SAMN03649058;SRR2101811
SAMN03649059;SRR2101812
SAMN03649060;SRR2101813
SAMN03649061;SRR2101814
SAMN03649062;SRR2101815
SAMN03649063;SRR2101816
SAMN03649074;SRR2101827
SAMN03649075;SRR2101828
